date,HKQuantityTypeIdentifierActiveEnergyBurned,HKQuantityTypeIdentifierBasalEnergyBurned,HKQuantityTypeIdentifierDistanceWalkingRunning,HKQuantityTypeIdentifierStepCount,HKQuantityTypeIdentifierWalkingSpeed,HKQuantityTypeIdentifierWalkingStepLength
2023-04-04,24.988,845.8580000000001,0.72899877,1847.0,2.29659,22.703366666666668
2023-04-05,142.52,1448.645,2.2666342299999998,5749.0,2.243107586206897,22.278006896551723
2023-04-06,43.465,3138.49,0.97929377,3487.0,2.0404747826086957,19.958886956521738
2023-04-08,,748.371,,,,
2023-04-09,20.511,1396.005,0.38680326,1346.0,1.9293583333333333,18.733558333333335
2023-04-10,54.268,1405.852,1.09705191,3918.0,1.9024614285714285,19.741242857142858
2023-04-11,25.846,1390.261,0.55845738,2081.0,2.006532,19.64563
2023-04-12,35.597,1388.908,0.811883576,3050.0,1.8888692,19.212568
2023-04-13,32.402,1364.455,0.80842707,2987.0,1.9441009090909092,19.41656818181818
2023-04-14,34.424,1394.06,0.886733978,3226.0,2.050990625,20.62004375
2023-04-15,35.451,1399.622,0.8430516299999999,3128.0,1.8293168888888889,18.657005555555557
2023-04-16,32.972,1405.005,0.83726039,3014.0,1.9074963636363635,18.647063636363637
2023-04-17,52.016,1376.353,1.025404948,3966.0,2.0347176,19.810988
2023-04-18,76.345,1395.753,1.45750497,5393.0,2.002443448275862,19.589975862068965
2023-04-19,74.18,1388.143,1.27266524,4803.0,1.9955826315789473,19.809336842105264
2023-04-20,67.245,1392.207,1.50089316,5033.0,2.0435070588235296,19.499729411764708
2023-04-21,82.693,1408.921,1.772154354,6610.0,1.9116485416666666,19.217483333333334
2023-04-22,92.712,1396.001,1.73455082,6424.0,2.0071422727272727,19.819218181818183
2023-04-23,37.461,1392.62,0.88560921,3327.0,1.841745,18.241433333333333
2023-04-24,81.468,1396.647,1.49655945,5451.0,1.9163097435897436,18.94807435897436
2023-04-25,48.792,1438.45,1.00428223,3468.0,2.0455538888888887,20.691127777777776
2023-04-26,36.308,1331.5049999999999,0.809317136,2903.0,1.9859022222222222,19.75062222222222
2023-04-27,38.812,1441.686,0.960283391,3594.0,2.154523157894737,21.612073684210525
2023-04-28,151.051,1387.432,2.4113406889999998,9031.0,2.100235,21.817549999999997
2023-04-29,28.925,1400.717,0.643771125,2293.0,1.8608500000000001,18.06099375
2023-04-30,134.564,1394.904,2.794982461,10810.0,1.9077266415094338,18.912460377358492
2023-05-01,346.20300000000003,1463.658,3.67860607,14090.0,2.0132430882352943,19.488151470588235
2023-05-02,69.549,1408.536,1.52695139,5567.0,1.9355381578947368,18.959763157894738
2023-05-03,38.902,1455.742,1.02935933,3796.0,1.7915818181818182,18.86180909090909
2023-05-04,50.922,1352.521,1.037099527,3991.0,1.8191076785714286,18.236750714285712
2023-05-05,55.443999999999996,1390.828,1.206305,4378.0,1.9446912903225808,19.2405064516129
2023-05-06,34.46,1401.573,0.7482738529999999,2730.0,1.9237657692307693,18.83703076923077
2023-05-07,71.511,1383.189,1.727208895,5994.0,1.9253262790697674,18.943379069767442
2023-05-08,52.764,1382.496,1.29709474,4725.0,2.0305286363636363,19.714166666666667
2023-05-09,85.563,1424.037,1.78820357,6192.0,1.910438936170213,19.174031914893614
2023-05-10,34.901,1375.051,0.992646272,3598.0,1.999394761904762,19.853733333333334
2023-05-11,66.596,1420.733,1.4134422899999999,5004.0,1.9288164516129034,18.8087
2023-05-12,62.098,1411.604,1.355035196,5382.0,1.8778492105263158,18.597144736842107
2023-05-13,70.048,1379.403,1.541024011,5634.0,1.8910715384615384,19.291302564102565
2023-05-14,35.339,1420.959,0.77301698,2778.0,1.8771625,18.471091666666666
2023-05-15,45.075,1425.273,1.42108058,4936.0,1.8602993023255814,18.275004651162792
2023-05-16,57.064,1384.745,1.21644287,4058.0,1.9132793750000001,19.303603125
2023-05-17,41.237,1411.372,0.945434907,3507.0,1.9181728571428571,19.74124642857143
2023-05-18,82.372,1421.816,1.713350354,5670.0,1.7086249999999998,17.670185294117648
2023-05-19,37.342999999999996,1383.795,0.918262386,3330.0,1.8652607692307692,18.42818846153846
2023-05-20,75.241,1425.369,1.623063892,5697.0,2.1595046153846154,21.39608846153846
2023-05-21,33.641999999999996,1370.181,0.85380105,3181.0,1.782838,17.95272
2023-05-22,49.319,1400.031,1.200372637,4128.0,2.0262309677419355,19.913609677419355
2023-05-23,73.611,1398.583,1.49099318,5383.0,1.963177857142857,19.300678571428573
2023-05-24,62.192,1397.676,1.45773632,5427.0,2.05798175,20.17713
2023-05-25,117.828,1406.885,2.26218896,7893.0,1.8811366981132074,19.009030188679247
2023-05-26,76.04899999999999,1393.452,1.740070811,6032.0,1.902095,18.909903125
2023-05-27,49.536,1392.359,1.049855258,3609.0,1.9857886363636366,19.846068181818183
2023-05-28,42.134,1391.166,0.995517505,3468.0,1.9498633333333333,19.370043333333335
2023-05-29,95.547,1445.079,1.786655063,6486.0,2.034521268292683,20.00188536585366
2023-05-30,53.456,1364.884,1.107494436,3932.0,2.022829428571429,20.101205714285715
2023-05-31,49.175000000000004,1388.397,1.0877043309999999,3860.0,2.013920909090909,19.9952
2023-06-01,86.328,1402.11,1.70217863,5994.0,2.028318043478261,20.301239130434784
2023-06-02,38.259,1403.522,0.941942722,3471.0,1.9371870000000002,19.685015
2023-06-03,134.505,1419.51,2.609320757,9571.0,1.9461340322580645,19.342104838709677
2023-06-04,47.511,1393.124,1.114273956,3795.0,1.7876841666666667,17.191566666666667
2023-06-05,119.088,1437.594,2.4710026199999997,8757.0,1.9360460784313724,19.430258823529414
2023-06-06,79.436,1396.545,1.768218857,6368.0,1.914115294117647,19.337623529411765
2023-06-07,56.956,1393.493,1.3775535,5012.0,2.0199527500000003,19.645635000000002
2023-06-08,137.853,1413.555,2.519958434,9538.0,1.9158950000000001,18.78824074074074
2023-06-09,209.773,1436.288,3.33637065,13191.0,1.8542714666666666,18.356921333333332
2023-06-10,86.322,1404.537,1.79681927,6451.0,1.9258460465116278,18.458123255813952
2023-06-11,70.461,1402.357,1.594519261,5826.0,1.838997105263158,18.079121052631578
2023-06-12,67.057,1397.447,1.641197174,5857.0,1.8004134285714286,17.750245714285715
2023-06-13,98.317,1419.14,2.14890586,7738.0,1.9125813636363638,19.327097727272726
2023-06-14,102.008,1428.764,2.146591964,7562.0,1.9326288679245285,19.231877358490564
2023-06-15,102.972,1388.948,2.127044356,8195.0,2.036927843137255,20.26397843137255
2023-06-16,63.878,1406.14,1.515678891,5516.0,2.040294186046512,20.124486046511628
2023-06-17,150.012,1439.678,3.1213802,11029.0,2.0242862025316457,20.20827974683544
2023-06-18,61.667,1384.458,1.299280633,5018.0,1.8331094736842104,18.110205263157894
2023-06-19,44.601,1395.442,1.1895221409999999,4402.0,1.9297303333333333,18.910723333333333
2023-06-20,43.015,1398.136,1.044742403,3848.0,1.8743662500000002,19.028837499999998
2023-06-21,68.17399999999999,1406.197,1.543516787,5579.0,1.8665003999999998,18.393663999999998
2023-06-22,52.893,1395.928,1.27744438,5057.0,1.8464045833333333,18.356266666666667
2023-06-23,107.785,1422.93,2.294736817,9037.0,1.861130923076923,18.497844923076926
2023-06-24,63.056,1405.349,1.59137481,6184.0,1.8818225,18.90990625
2023-06-25,89.163,1407.951,1.77538467,6882.0,1.9391443750000001,18.946815625
2023-06-26,93.876,1419.18,1.93235214,7108.0,1.9055901666666666,19.061643749999998
2023-06-27,57.629,1391.106,1.28247344,4658.0,1.7462081875,17.9625625
2023-06-28,83.623,1406.827,2.028784018,7062.0,1.9608781818181817,19.819218181818183
2023-06-29,63.549,1396.755,1.239890787,4786.0,2.023086,19.417284
2023-06-30,49.523,1412.086,1.01053597,3969.0,1.9507946666666667,19.340516666666666
2023-07-01,40.15,1398.537,0.899266988,3267.0,1.9181733333333335,18.831983333333334
2023-07-02,70.394,1392.641,1.629557545,6035.0,1.9085539,19.007836
2023-07-03,62.332,1388.387,1.26884008,4871.0,1.9383050000000002,19.399572499999998
2023-07-04,103.157,1439.317,2.079771411,7315.0,1.9787075789473685,19.836954385964912
2023-07-05,70.107,1380.73,1.4830766499999999,5276.0,1.8973284848484848,18.599342424242423
2023-07-06,52.577,1401.318,1.294708193,4644.0,1.7857154285714285,17.660257142857144
2023-07-07,58.476,1400.5,1.29010402,4720.0,1.9006748387096775,18.745199999999997
2023-07-08,101.06,1418.371,2.04847461,7716.0,1.8840475510204082,18.849391836734693
2023-07-09,76.404,1381.209,1.788076398,6024.0,1.721741875,18.44239375
2023-07-10,34.585,1409.555,1.2494499700000001,4260.0,1.8243461111111112,18.175816666666666
2023-07-11,79.994,1386.452,1.6188763099999999,5447.0,1.8581012903225806,18.3007
2023-07-12,44.368,1409.843,1.015438584,4046.0,1.836321515151515,17.740363636363636
2023-07-13,75.888,1417.959,1.752918352,6990.0,1.7749402040816327,17.44332081632653
2023-07-14,44.919,1369.621,1.0289906,3698.0,1.8323426086956522,18.366960869565215
2023-07-15,77.19,1427.623,1.627377869,5864.0,1.8849476470588238,18.747071176470588
2023-07-16,127.484,1382.165,2.6137927199999997,9800.0,1.8032442040816326,18.246791836734694
2023-07-17,45.32,1429.362,1.25608164,4460.0,1.741278947368421,17.302084210526317
2023-07-18,48.053000000000004,1365.81,1.036534314,3918.0,1.8507705263157894,18.193084210526315
2023-07-19,49.393,1388.984,1.08092037,3958.0,1.8454725,19.114134999999997
2023-07-20,45.698,1437.159,1.218384653,4365.0,2.019954,20.255879999999998
2023-07-21,58.768,1351.089,1.27717196,4640.0,1.8537404347826085,18.195791304347825
2023-07-22,38.327,1390.057,0.914446866,3029.0,1.9054631818181818,20.72295909090909
2023-07-23,55.656,1400.0720000000001,1.20738671,4458.0,1.9606091176470586,19.66184411764706
2023-07-24,27.588,1399.13,0.589028186,2052.0,1.9198176470588233,19.615529411764705
2023-07-25,93.202,1433.726,2.050170171,7483.0,1.962111836734694,19.154714285714284
2023-07-26,70.941,1432.936,1.41353899,5098.0,1.9631352000000002,19.716496
2023-07-27,40.105,1372.617,1.2507956599999999,4025.0,1.910652068965517,19.31845172413793
2023-07-28,57.547000000000004,1396.654,1.30780921,4443.0,1.9453360714285715,19.403785714285714
2023-07-29,73.809,1400.419,1.471808232,5225.0,2.0167378125,20.029496875
2023-07-30,104.503,1417.33,1.663490987,5843.0,1.9492213793103448,19.196272413793103
2023-07-31,111.936,1445.417,2.11669383,7217.0,1.8597786046511626,18.485593023255813
2023-08-01,71.536,1396.972,1.5012948799999999,5310.0,1.9966722222222222,20.384918518518518
2023-08-02,52.845,1400.739,1.24807397,4745.0,1.785355,17.59346875
2023-08-03,163.50900000000001,1397.562,3.52335413,13041.0,1.9408585849056603,19.098166981132074
2023-08-04,167.676,1463.954,3.7091115,13514.0,1.864729,18.808307216494846
2023-08-05,41.19,1375.642,1.041007779,3748.0,1.856656923076923,18.125346153846156
2023-08-06,44.871,1372.981,1.025424265,3832.0,1.8620252,18.740124
2023-08-07,39.879,1393.837,0.804221966,2806.0,1.727767619047619,18.222685714285713
2023-08-08,50.144999999999996,1419.461,1.232095058,4477.0,1.9154803703703704,18.86844074074074
2023-08-09,55.076,1386.27,1.232825063,4392.0,1.856657037037037,18.241437037037038
2023-08-10,67.574,1417.405,1.60996435,5725.0,1.9109825,19.403799999999997
2023-08-11,116.439,1382.83,2.42130858,9112.0,1.8212993548387095,18.6182
2023-08-12,41.187,1401.586,0.97710655,3352.0,1.752705294117647,18.828129411764706
2023-08-13,28.627000000000002,1364.556,0.638669998,2359.0,1.901397,18.5039
2023-08-14,55.682,1402.164,1.307663125,4686.0,1.8656046666666666,18.635133333333332
2023-08-15,116.91,1409.4850000000001,1.610577918,5673.0,1.9817853125,19.746525
2023-08-16,45.385,1398.296,1.099469343,3947.0,1.8342857894736841,18.338131578947365
2023-08-17,67.872,1407.527,1.38119658,4786.0,1.8773692592592592,18.95592962962963
2023-08-18,57.152,1413.02,1.237143994,4783.0,1.8394499999999998,18.261623076923076
2023-08-19,33.541,1392.641,0.8440392760000001,3023.0,1.952714705882353,19.56920588235294
2023-08-20,69.845,1385.425,1.581937761,5407.0,1.834876052631579,19.05301052631579
2023-08-21,52.732,1386.232,1.169942342,4297.0,1.8874153125,19.894156249999998
2023-08-22,58.652,1390.055,1.139495657,4298.0,2.005786666666667,20.065583333333333
2023-08-23,60.381,1391.683,1.21323938,4431.0,1.829578947368421,18.814715789473684
2023-08-24,63.485,1424.576,1.3607160600000001,4695.0,1.8168892592592594,18.31434074074074
2023-08-25,53.558,1373.88,1.24137523,4618.0,1.8993624242424243,19.470257575757575
2023-08-26,42.792,1404.81,0.621526508,2348.0,1.9737670588235294,20.379770588235292
2023-08-27,105.616,1405.0720000000001,2.108576294,7095.0,2.022276153846154,20.139276923076924
2023-08-28,95.289,1421.609,2.027782001,7384.0,2.1914637704918034,21.15008524590164
2023-08-29,40.576,1376.851,0.932180755,3387.0,1.7418280000000002,17.112826666666667
2023-08-30,35.891,1405.099,0.88969144,3265.0,2.002804,20.157446666666665
2023-08-31,47.19,1387.471,0.913123852,3188.0,1.8849906666666667,18.713873333333332
2023-09-01,73.011,1389.705,1.23888981,4634.0,1.89738,19.271115384615385
2023-09-02,35.278999999999996,1424.439,0.75277239,2857.0,1.8859088461538462,18.685611538461536
2023-09-03,169.145,1410.253,3.08182908,11622.0,1.9570397499999999,20.14268375
2023-09-04,120.81,1407.603,2.12942008,8483.0,1.859011842105263,19.612481578947367
2023-09-05,66.268,1398.369,1.239101082,4798.0,1.8970946153846155,18.943034615384615
2023-09-06,48.128,1410.33,1.01894889,3834.0,1.7885318181818184,18.897609090909093
2023-09-07,79.956,1418.736,1.412517215,4963.0,1.9900448148148149,19.889148148148145
2023-09-08,146.902,1388.801,2.49895598,9183.0,1.8944642253521127,19.585194366197182
2023-09-09,42.538,1410.017,0.869273516,3183.0,2.1345084210526317,21.54991052631579
2023-09-10,52.307,1416.948,1.049793845,3767.0,2.0491942857142855,20.21930714285714
2023-09-11,51.411,1363.469,0.99760535,3730.0,2.043600714285714,20.45834285714286
2023-09-12,30.126,1400.205,0.747938164,2612.0,1.9427800000000002,19.350365
2023-09-13,75.637,1430.977,1.719060904,5945.0,1.945202916666667,20.02949166666667
2023-09-14,39.168,1368.157,0.70453564,2606.0,1.7920344444444443,18.372666666666664
2023-09-15,54.502,1374.241,1.209616859,4445.0,1.9426938461538463,19.987857692307692
2023-09-16,83.522,1433.203,1.7415174009999999,6624.0,1.9812863265306124,19.620722448979592
2023-09-17,48.903,1420.078,0.88533565,3391.0,2.0286218750000002,20.373975
2023-09-18,61.913,1381.867,1.20386314,4612.0,1.9569587096774195,19.9136
2023-09-19,39.117,1411.933,0.909904716,3352.0,2.0645054166666665,20.2099375
2023-09-20,43.762,1344.766,0.97258881,3406.0,1.970742,19.4291
2023-09-21,26.36,1415.446,0.567342964,2020.0,1.7923475,19.8326375
2023-09-22,39.187,1375.523,0.894009618,3185.0,1.8690833333333334,18.94135
2023-09-23,110.382,1420.611,2.291890318,7669.0,2.126453292682927,20.390785609756097
2023-09-24,62.255,1409.481,1.373467888,5112.0,1.7129509090909092,17.80001212121212
2023-09-25,64.413,1390.72,1.38132038,4689.0,2.2067385,21.791305
2023-09-26,14.731,1380.354,0.47984577900000003,1654.0,1.4923557142857145,14.904357142857142
2023-09-27,81.789,1376.691,1.66015528,5537.0,2.066369791666667,20.365779166666666
2023-09-28,65.179,1398.117,1.408885293,4895.0,2.0115215384615386,20.04841538461538
2023-09-29,151.565,1404.169,2.54496879,8944.0,1.9013955999999999,19.228312
2023-09-30,119.91199999999999,1401.457,0.83208459,2954.0,1.624014,17.55902
2023-10-01,10.063,1371.489,0.23957592,879.0,1.87903,19.685
2023-10-02,173.723,1416.847,2.25883957,8972.0,1.7722622727272728,18.61128181818182
2023-10-03,45.446,1402.422,0.973682347,3534.0,1.8737641176470587,18.666011764705882
2023-10-04,35.692,1380.846,0.912968107,3477.0,1.8486682142857143,18.813235714285714
2023-10-05,89.625,1423.925,1.945514227,7127.0,1.9811228205128206,19.462915384615386
2023-10-06,49.808,1383.408,1.0799430110000001,3968.0,2.026858695652174,19.92464347826087
2023-10-07,65.772,1423.88,1.345684674,5171.0,1.9678053125000001,19.475846875
2023-10-08,58.013,1384.8410000000001,1.275407366,4533.0,1.9625826470588237,19.372355882352938
2023-10-09,83.588,1416.079,1.85440413,6244.0,2.1122485185185185,20.734875925925923
2023-10-10,68.844,1400.353,1.29017049,4303.0,2.1031858333333333,20.250947916666664
2023-10-11,101.232,1453.076,1.963651769,6314.0,1.987891,19.704686666666664
2023-10-12,26.674,1367.216,0.437078585,1586.0,1.7224407142857143,16.76037142857143
2023-10-13,53.634,1365.976,1.125651286,4083.0,1.8627568181818184,18.647063636363637
2023-10-14,146.04,1457.906,2.698869582,9989.0,1.9298988709677418,19.227801612903228
2023-10-15,199.59,1414.083,2.8824424299999998,9813.0,1.8920154032258065,18.599151612903228
2023-10-16,58.57,1390.121,1.24346176,4367.0,2.1063280645161293,20.789909677419356
2023-10-17,56.721000000000004,1411.539,1.038621578,3755.0,1.8510644375,19.168271875
2023-10-18,43.223,1373.211,0.852378227,3198.0,1.9605135714285713,19.51627142857143
2023-10-19,102.563,1442.2,2.02288354,6954.0,2.0709558,20.75587
2023-10-20,33.805,1360.007,0.78568655,2927.0,1.7695767857142857,18.18050357142857
2023-10-21,75.708,1397.864,1.581081208,6117.0,1.8853567924528303,18.95059807692308
2023-10-22,56.512,1419.913,1.22681661,4657.0,1.9518868571428571,18.773868571428572
2023-10-23,35.872,1381.612,0.765640986,2966.0,1.805036153846154,18.352484615384615
2023-10-24,59.353,1394.522,1.463589961,5206.0,1.9595562499999999,20.098390000000002
2023-10-25,39.56,1390.312,0.8934050330000001,3020.0,1.8643706896551724,18.775417241379312
2023-10-26,76.43599999999999,1413.541,1.5533117300000001,5469.0,2.0842223076923077,20.131701923076925
2023-10-27,26.977,1401.875,0.54211522,2004.0,1.7495199999999997,18.04803684210526
2023-10-28,57.26,1414.419,1.152587711,4303.0,2.093256653846154,20.82068076923077
2023-10-29,58.532,1358.41,1.37400745,4979.0,1.9143457894736844,19.291302631578947
2023-10-30,57.234,1396.955,1.19806588,4320.0,1.884289705882353,18.874441176470587
2023-10-31,28.086,1407.635,0.635774541,2259.0,1.645546375,18.036381249999998
2023-11-01,103.02,1399.467,2.115768463,7225.0,1.9473547272727274,19.4589962962963
2023-11-02,274.655,1495.256,5.197404797,18041.0,2.025015789473684,20.731419298245616
2023-11-03,169.491,1387.343,2.889242063,11133.0,2.009830338983051,20.27222372881356
2023-11-04,75.051,1440.919,1.17369553,4692.0,1.7592416129032258,17.94510322580645
2023-11-05,35.064,1383.12,0.88936366,3168.0,1.9685045454545453,19.541845454545452
2023-11-06,33.473,1359.474,0.967655271,3468.0,1.788307222222222,17.738372222222225
2023-11-07,52.282000000000004,1412.581,1.031625344,3609.0,1.7619603333333334,18.202063333333335
2023-11-08,50.74,1381.017,1.20591377,4251.0,1.919908275862069,19.006210344827586
2023-11-09,104.379,1406.567,1.97433784,6680.0,1.977056911764706,19.592367941176473
2023-11-10,43.887,1417.073,0.83607971,2876.0,2.0332557894736842,19.602115789473686
2023-11-11,120.107,1405.159,2.758577974,9772.0,2.006178815789474,20.530145333333333
2023-11-12,133.719,1409.491,2.59510331,9708.0,1.901904431818182,18.821544318181818
2023-11-13,122.905,1430.593,1.99891979,6467.0,2.0665035714285716,20.78174285714286
2023-11-14,24.451,1381.529,0.705243794,2491.0,1.9511055555555556,18.74449444444444
2023-11-15,39.882,1394.191,0.8333083609999999,2900.0,1.8594537500000001,18.421879166666667
2023-11-16,50.158,1382.915,1.206730581,4434.0,1.981122564102564,20.17965128205128
2023-11-17,27.338,1392.272,0.677875563,2393.0,1.7480057142857144,17.810238095238095
2023-11-18,23.987000000000002,1403.47,0.53977329,1896.0,1.9237658461538463,20.47241538461538
2023-11-19,74.298,1387.998,1.504128665,5448.0,2.011554716981132,19.87813962264151
2023-11-20,40.737,1397.555,0.841510647,3120.0,1.8919315384615385,19.109592307692306
2023-11-21,62.968,1402.256,1.3699059,4850.0,1.949423823529412,19.360776470588235
2023-11-22,120.826,1446.186,2.25252899,7170.0,2.005189,20.1102
2023-11-23,49.483,1345.127,1.0235072,3676.0,2.0397540740740743,20.822366666666667
2023-11-24,80.89,1420.597,1.6745147029999998,5376.0,1.9129008571428574,19.595014285714285
2023-11-25,98.932,1391.559,2.19416348,7711.0,1.9577674000000003,20.055086000000003
2023-11-26,34.822,1399.42,0.875027037,2826.0,1.9498633333333333,19.520970833333333
2023-11-27,52.079,1423.599,1.247682306,4282.0,1.7511021875,18.51620625
2023-11-28,83.621,1369.01,1.943628032,6804.0,1.7838472549019606,18.48846274509804
2023-11-29,118.495,1423.654,2.353556367,8554.0,2.011185747126437,19.748358620689654
2023-11-30,48.026,1411.523,1.13841402,3890.0,1.8739751612903226,18.9865064516129
2023-12-01,43.607,1378.475,0.931118428,3200.0,1.9320503703703704,19.247555555555554
2023-12-02,36.141,1391.796,0.83302113,2990.0,1.9844823809523813,19.53502380952381
2023-12-03,50.344,1377.77,1.081397097,4056.0,1.908107,18.831983333333334
2023-12-04,83.661,1457.263,1.752143371,6043.0,1.9306474358974357,20.008041025641024
2023-12-05,122.037,1382.825,2.55290416,8814.0,1.9341150597014927,19.896549253731344
2023-12-06,51.248,1387.539,1.192989295,4468.0,1.9420677272727274,18.817070454545455
2023-12-07,55.47,1420.126,1.031905256,3681.0,1.9143851612903224,19.304006451612903
2023-12-08,38.258,1340.316,0.80054347,3025.0,1.9285578571428572,19.038207142857143
2023-12-09,89.54,1457.317,2.11278565,7678.0,1.8878146428571427,18.71481071428571
2023-12-10,47.467,1363.401,1.196984773,4210.0,1.962704074074074,19.49544074074074
2023-12-11,206.172,1418.026,3.3316493179999997,12000.0,1.9616491935483873,19.278601612903227
2023-12-12,133.895,1426.623,1.713767587,5970.0,2.0921566666666664,20.548958333333335
2023-12-13,258.826,1414.297,4.47929156,16292.0,1.9801588403361345,20.34006974789916
2023-12-14,171.158,1407.708,2.960369154,11515.0,1.913502,19.05508
2023-12-15,253.601,1461.542,3.938194727,13554.0,2.164285663716814,21.176188495575218
2023-12-16,81.992,1398.196,1.260960724,4733.0,2.0334470967741938,19.342106451612903
2023-12-17,59.063,1377.059,1.158689126,4400.0,1.9808462068965518,18.53105172413793
2023-12-18,15.870000000000001,1388.0639999999999,0.447138681,1599.0,1.9461362500000001,18.4546875
2023-12-19,28.637,1382.7749999999999,0.7239844559999999,2517.0,1.856658,18.12989
2023-12-20,37.986,1358.673,0.824684024,2943.0,1.8278971428571429,18.29767619047619
2023-12-21,88.756,1421.065,1.94330597,6125.0,2.001343829787234,19.43370425531915
2023-12-22,38.697,1372.518,0.746615247,2642.0,1.9461350000000002,19.18393181818182
2023-12-23,93.8,1410.935,1.677336216,5936.0,2.2411575471698115,21.274669811320752
2023-12-24,60.936,1373.99,1.34494723,4887.0,2.0361202272727272,20.025018181818183
2023-12-25,46.062,1418.466,0.931865031,3304.0,2.104584583333333,20.866104166666666
2023-12-26,71.849,1356.7459999999999,1.324732333,5241.0,1.8113587500000001,18.444845
2023-12-27,26.476,1418.0929999999998,0.407035309,1504.0,1.928239,19.40941
2023-12-28,71.793,1352.414,1.381382844,4800.0,1.9297880769230769,19.336734615384614
2023-12-29,74.379,1411.499,1.717388622,6354.0,1.9254224074074076,19.036124074074078
2023-12-30,24.739,1412.056,0.59520523,2166.0,1.7176478571428573,17.772742857142855
2023-12-31,27.957,1342.272,0.575551234,2043.0,2.087063,20.39367
2024-01-01,39.568,1427.258,0.755674549,2773.0,2.1113246153846155,20.56326923076923
2024-01-02,32.165,1358.7259999999999,0.772793263,2906.0,1.8632370588235294,18.828123529411766
2024-01-03,38.99,1369.231,0.722114451,2636.0,1.9342923529411764,19.059711764705884
2024-01-04,47.227000000000004,1379.1589999999999,1.097366507,4038.0,1.8992657142857143,18.8976
2024-01-05,51.225,1437.838,0.9900058780000001,3560.0,2.018835,19.799833333333332
2024-01-06,47.252,1357.893,1.008162431,3734.0,2.009887,19.66532
2024-01-07,110.641,1409.066,2.27690226,8201.0,1.8050355384615384,19.006627692307692
2024-01-08,19.055,1394.1409999999998,0.49706598,1685.0,2.087805,20.01308333333333
2024-01-09,41.671,1370.972,0.824223993,3016.0,1.9378931578947367,19.312026315789474
2024-01-10,54.135,1405.856,1.07536362,4084.0,1.9129944444444444,19.349629629629632
2024-01-11,28.51,1393.617,0.7364122949999999,2725.0,1.906660588235294,19.54605294117647
2024-01-12,9.828,1345.442,0.32229282,1215.0,2.0356133333333335,21.06295
2024-01-13,18.404,1413.281,0.428553604,1590.0,1.981926,19.173189999999998
2024-01-14,11.18,1341.9189999999999,0.28891292,1099.0,1.879026,17.79524
2024-01-15,47.708999999999996,1412.801,1.151127121,4246.0,1.848828,18.70075
2024-01-16,48.264,1369.282,1.14892754,3911.0,1.8139522727272728,18.79023181818182
2024-01-17,36.792,1398.052,0.752803527,2830.0,2.049281666666667,19.597516666666664
2024-01-18,39.144,1370.084,0.97747276,3401.0,1.9636408695652172,18.914717391304347
2024-01-19,159.133,1424.511,3.09189343,10813.0,1.9790109090909092,19.852028787878787
2024-01-20,141.221,1395.588,2.167862363,7797.0,2.020479117647059,21.0398
2024-01-21,77.864,1385.079,1.44568843,4957.0,1.9312219696969697,19.744654545454544
2024-01-22,13.936,1390.584,0.44806462,1600.0,1.987677142857143,19.572514285714284
2024-01-23,51.067,1382.584,1.102134289,4104.0,2.109112142857143,20.922346428571426
2024-01-24,52.003,1397.19,0.94848907,3532.0,1.8758304761904763,18.84135714285714
2024-01-25,63.565,1398.889,1.50570915,5399.0,1.976688536585366,19.37772195121951
2024-01-26,23.855,1364.056,0.612597422,2248.0,1.879027894736842,19.457068421052632
2024-01-27,34.045,1425.132,0.848339383,3017.0,1.9163095238095238,18.86010476190476
2024-01-28,24.49,1351.73,0.56227271,1974.0,1.8758309523809527,18.447657142857143
2024-01-29,6.151,1402.503,0.16404198,592.0,2.075876,19.921219999999998
2024-01-30,125.611,1370.405,2.30017291,8278.0,2.0412930634920636,20.309925396825395
2024-01-31,42.647,1404.589,0.958844276,3681.0,1.8424900000000002,18.412036666666665
2024-02-01,29.386,1377.859,0.808024866,2922.0,1.807724375,18.43008125
2024-02-02,58.365,1376.47,1.10411457,4082.0,1.9279081481481481,19.77249259259259
2024-02-03,48.532000000000004,1391.247,0.951890145,3494.0,1.99676,19.146257894736845
2024-02-04,32.156,1368.32,0.8122813289999999,2867.0,1.78535375,18.30705
2024-02-05,42.724,1398.964,0.79078813,2905.0,1.9444146153846154,18.746176923076924
2024-02-06,53.484,1370.9759999999999,1.188236344,4301.0,2.0314178125,20.533921875
2024-02-07,109.731,1446.319,2.423918959,8825.0,1.8363214545454547,18.460950909090908
2024-02-08,31.609,1369.418,0.658504532,2459.0,1.7924673913043478,17.93902608695652
2024-02-09,59.185,1372.92,1.27633401,4423.0,1.9891530769230767,19.230734615384616
2024-02-10,51.196,1384.687,1.20269168,4478.0,1.9890088888888888,20.18806111111111
2024-02-11,56.866,1388.685,1.177293795,3932.0,2.00966412,19.7165
2024-02-12,49.825,1430.72,1.077302357,3854.0,1.9862141666666666,19.504562500000002
2024-02-13,32.158,1342.2359999999999,0.757532172,2910.0,1.9237647368421051,19.374184210526316
2024-02-14,78.361,1392.889,1.59771247,6110.0,1.9923164516129033,19.685006451612903
2024-02-15,411.025,1438.007,4.80143467,17659.0,1.9001758545454548,18.51106
2024-02-16,252.852,1438.854,3.49144651,13766.0,1.7496619277108432,17.650093975903616
2024-02-17,224.142,1442.321,3.7303517409999998,14771.0,1.9820189583333334,19.2749
2024-02-18,13.769,1346.117,0.38657997,1396.0,1.9545237500000001,18.0609875
2024-02-19,32.33,1374.921,0.796579256,3105.0,1.9376133333333334,18.897604761904763
2024-02-20,37.662,1403.569,0.91933697,3382.0,1.8936147826086955,18.931834782608696
2024-02-21,34.32,1393.936,0.7747380700000001,2946.0,1.8658691764705881,18.619699999999998
2024-02-22,36.981,1388.099,0.848799038,3311.0,1.887414375,18.74996875
2024-02-23,30.685,1371.497,0.72735216,2615.0,1.9045928571428572,18.72887142857143
2024-02-24,65.432,1392.985,1.077159356,4258.0,1.9685043999999998,18.755868
2024-02-25,49.236,1390.4279999999999,0.9917148149999999,3595.0,2.000716,19.637756
2024-02-26,41.309,1397.944,0.96018016,3306.0,1.9349495454545453,19.488154545454545
2024-02-27,139.852,1375.195,3.005906648,10956.0,1.9261377272727274,19.07655606060606
2024-02-28,69.123,1375.983,1.476425482,4748.0,2.0394693103448276,20.60816896551724
2024-02-29,10.002,1393.501,0.29882377,954.0,1.802972,18.425159999999998
2024-03-01,7.074,1401.949,0.169733787,591.0,1.6665175,16.9291
2024-03-02,8.087,1365.461,0.214298343,692.0,2.236936666666667,19.2913
2024-03-03,25.128,1358.421,0.52005613,1985.0,1.923764375,18.70075
2024-03-04,17.548,1417.49,0.4052583,1315.0,1.77836375,18.011775
2024-03-05,10.109,1372.781,0.234207256,799.0,1.6195419999999998,17.16532
2024-03-06,8.218,1334.7,0.209725151,715.0,1.7671783333333335,19.028833333333335
2024-03-07,6.624,1402.162,0.244963155,802.0,2.81854,29.5276
2024-03-08,11.72,1379.465,0.443329418,1503.0,1.84068,18.897614285714287
2024-03-09,11.724,1376.9279999999999,0.307106645,1128.0,1.664282,16.61414
2024-03-10,37.211,1379.2259999999999,0.84653707,2953.0,1.891453888888889,18.372666666666664
2024-03-11,18.126,1331.969,0.55693492,1957.0,1.713492,17.36217
2024-03-12,30.767,1407.722,0.6274171399999999,2288.0,1.7932783333333333,18.438283333333334
2024-03-13,19.113,1340.337,0.59027777,2115.0,1.8805186666666667,18.81886666666667
2024-03-14,9.445,1388.7939999999999,0.271060669,932.0,1.7168475,17.224375
2024-03-15,25.134999999999998,1396.4959999999999,0.62297447,2050.0,1.8989099999999999,19.422544444444444
2024-03-16,11.412,1367.565,0.299513468,1220.0,1.865606,18.26768
2024-03-17,17.182,1376.055,0.41918332,1431.0,1.9983316666666668,18.372666666666667
2024-03-18,14.771999999999998,1389.127,0.37184722,1317.0,1.802972,17.83461
2024-03-19,13.927000000000001,1352.595,0.363054553,1255.0,1.7187133333333333,18.372666666666667
2024-03-20,30.164,1390.018,0.633705158,2360.0,2.0132415384615383,20.04842307692308
2024-03-21,77.844,1386.8799999999999,1.54098783,5623.0,1.8942375999999999,19.228308
2024-03-22,40.045,1372.811,0.984625281,3578.0,1.8358303448275863,18.884024137931036
2024-03-23,76.863,1403.719,1.45367392,5431.0,1.883615128205128,19.17016153846154
2024-03-24,41.172000000000004,1366.249,0.82825645,2776.0,2.0442150000000003,20.0787
2024-03-25,26.52,1422.907,0.6107891599999999,2204.0,1.913597272727273,18.5039
2024-03-26,53.726,1347.418,1.21136916,4439.0,1.9315088461538463,18.80675
2024-03-27,57.198,1423.03,1.115031446,4008.0,1.9214105263157895,19.16697894736842
2024-03-28,69.668,1359.069,1.373282169,5400.0,1.9304763333333335,19.225683333333333
2024-03-29,41.168,1357.743,1.008180854,3830.0,1.8673956,19.102332
2024-03-30,130.315,1455.48,2.73024598,10966.0,1.908978813559322,19.211233898305085
2024-03-31,56.881,1375.012,1.3521261900000001,5047.0,1.7895488888888889,17.72743611111111
2024-04-01,53.268,1443.097,1.16812809,4291.0,1.8010730303030302,18.241433333333333
2024-04-02,62.76,1346.135,1.134197226,4569.0,2.0151075,19.49908611111111
2024-04-03,85.205,1404.5549999999998,1.58140233,5507.0,2.1167560784313726,20.37204705882353
2024-04-04,152.803,1412.917,2.62009247,9711.0,2.0096634,20.13382
2024-04-05,174.437,1395.721,2.730492,10687.0,1.914346543859649,19.74716842105263
2024-04-06,93.726,1419.318,1.21131328,5314.0,1.8348623076923076,19.180266666666665
2024-04-07,264.71500000000003,1405.408,4.152106435,11980.0,2.0181587912087915,20.991576923076924
2024-04-08,116.529,1427.537,1.85594197,7064.0,1.9291648275862068,18.38171724137931
2024-04-09,34.478,1383.309,0.68199837,2593.0,1.959981904761905,19.06632857142857
2024-04-10,41.796,1351.388,0.91389553,3563.0,1.7867533333333334,17.97896666666667
2024-04-11,27.872,1366.535,0.6830484960000001,2480.0,1.835464210526316,18.04803684210526
2024-04-12,23.352999999999998,1383.701,0.63783745,2353.0,1.9082792307692307,19.079315384615384
2024-04-13,23.688,1415.893,0.582504308,2107.0,1.791582909090909,18.43232727272727
2024-04-14,79.581,1382.802,1.690980619,6101.0,2.037515744680851,20.145721276595744
2024-04-15,50.552,1399.062,0.989521291,3469.0,1.8575176923076921,18.746176923076924
2024-04-16,34.334,1388.492,0.6162257800000001,2326.0,1.794518888888889,18.02271111111111
2024-04-17,51.147,1341.581,1.01161062,3550.0,2.152828,20.362168
2024-04-18,84.861,1404.175,1.546959285,5654.0,1.9361927777777777,18.78824722222222
2024-04-19,99.984,1384.206,2.06005076,7126.0,1.9768125714285714,19.59502571428571
2024-04-20,175.51,1420.961,2.78499154,9859.0,2.0541901694915254,19.911886440677968
2024-04-21,239.673,1427.0529999999999,3.542267959,13448.0,1.9524776119402985,19.6673776119403
2024-04-22,48.012,1404.35,0.95252503,3597.0,1.9640303333333333,19.265056666666666
2024-04-23,53.369,1381.392,0.972808873,3940.0,1.8606720512820512,18.77646153846154
2024-04-24,47.94,1378.5439999999999,0.8790104,3573.0,1.9361068965517243,19.01978620689655
2024-04-25,59.949000000000005,1386.291,1.21931014,4623.0,1.8059973529411766,18.364947058823528
2024-04-26,43.138,1383.031,0.9379576,3430.0,1.9072321739130436,18.84624782608696
2024-04-27,38.69,1376.853,0.776651771,2809.0,1.800735,18.7253625
2024-04-28,48.048,1406.437,0.95436431,3456.0,1.8772594736842105,18.845797368421053
2024-04-29,34.776,1404.022,0.794099971,3008.0,1.837205652173913,19.085891304347825
2024-04-30,61.562,1390.872,1.130503813,4194.0,1.944988205128205,19.735476923076924
2024-05-01,35.075,1347.872,0.84546863,3017.0,1.852464375,18.62693125
2024-05-02,71.559,1385.62,1.3354506210000001,5117.0,1.8820093333333334,19.22130888888889
2024-05-03,31.576,1377.675,0.744738291,2536.0,1.8104266666666669,18.818873333333332
2024-05-04,51.748,1419.204,0.970004081,3470.0,2.0171321739130437,19.856173913043477
2024-05-05,90.212,1386.427,1.880623072,6345.0,2.14074725,20.9448425
2024-05-06,53.663000000000004,1371.283,1.12985166,4341.0,1.77184,17.601670833333333
2024-05-07,51.781,1397.072,1.18852768,4380.0,1.829814,18.220436
2024-05-08,17.781,1383.298,0.472490676,1645.0,1.8986,18.405475
2024-05-09,32.083,1357.789,0.81218763,2985.0,1.6284886666666667,17.322799999999997
2024-05-10,21.492,1396.8319999999999,0.517925412,1894.0,1.69447875,18.4054875
2024-05-11,13.173,1374.662,0.385244017,1389.0,1.981925,19.64564
2024-05-12,31.945,1386.488,0.670497,2443.0,1.8616277777777777,18.328922222222225
2024-05-13,39.732,1354.587,0.898092786,3283.0,1.7342844705882352,18.040723529411764
2024-05-14,92.722,1398.806,1.90130063,7146.0,1.9505291071428572,19.340517857142856
2024-05-15,44.967,1373.854,0.9892667,3676.0,1.814336216216216,17.950591891891893
2024-05-16,482.34,1467.408,6.4207462159999995,23552.0,2.081682142857143,20.36929166666667
2024-05-17,192.498,1423.4769999999999,2.1931535,8335.0,1.96738575,19.970435000000002
2024-05-18,158.177,1427.06,2.339955157,8527.0,1.879810701754386,19.63665614035088
2024-05-19,166.432,1379.931,2.0108813,7112.0,1.9189723809523809,19.394414285714284
2024-05-20,338.593,1399.579,3.57916789,12436.0,2.0915356,21.023591999999997
2024-05-21,96.353,1421.641,2.61819215,10863.0,1.9931676923076924,18.87741282051282
2024-05-22,51.699,1387.675,1.143429145,4069.0,1.8334882142857143,18.377353571428575
2024-05-23,81.905,1390.68,1.74456161,6154.0,1.7662852,18.173192
2024-05-24,108.015,1407.176,1.916347833,6694.0,1.6429049999999998,17.793055555555554
2024-05-25,29.951,1357.574,0.583001322,2276.0,1.7850746666666666,18.293926666666668
2024-05-26,28.335,1370.2259999999999,0.73392378,2553.0,1.8188015384615386,18.1102
2024-05-27,103.95700000000001,1389.28,2.060001057,7571.0,1.8552873469387756,18.63245510204082
2024-05-28,99.345,1411.569,2.042508989,7362.0,1.9293575625000001,19.356918750000002
2024-05-29,177.433,1410.857,3.26288565,12081.0,1.9668774545454546,19.312776363636363
2024-05-30,202.6,1419.016,3.69142972,13195.0,1.8176213725490196,18.68145882352941
2024-05-31,139.13400000000001,1417.19,2.664146704,8988.0,1.9954171875,20.392434375
2024-06-01,64.889,1391.733,1.058909804,3750.0,1.9114619999999998,18.602331
2024-06-02,47.8,1359.081,0.967052605,3414.0,1.672438411764706,17.87861176470588
2024-06-03,72.017,1386.359,1.3833032,4926.0,1.8666844827586209,18.843296551724137
2024-06-04,44.126999999999995,1417.821,0.960136485,3358.0,1.8868555,19.251935
2024-06-05,58.634,1359.318,1.29992083,4932.0,1.9384213793103446,19.467789655172417
2024-06-06,40.022,1381.7939999999999,1.03314802,3780.0,1.8253395000000001,18.208625
2024-06-07,40.228,1404.749,0.83325869,2936.0,1.8087214285714286,19.347550000000002
2024-06-08,43.494,1393.793,0.933864846,3177.0,1.9803464705882352,20.356617647058822
2024-06-09,40.187,1348.854,0.8908846850000001,3200.0,1.80632625,17.618075
2024-06-10,44.537,1380.113,0.898160613,3258.0,1.6863053846153848,17.141092307692308
2024-06-11,37.046,1381.878,0.77232753,2773.0,1.86224875,17.98718125
2024-06-12,35.679,1367.945,0.850427424,3106.0,1.85386125,18.0609875
2024-06-13,35.818,1384.285,0.74475055,2609.0,1.5882239999999999,15.984219999999999
2024-06-14,30.25,1390.238,0.84177791,3007.0,1.6818962499999999,16.75685625
2024-06-15,21.818,1372.147,0.50773501,1823.0,1.8700800000000002,18.267680000000002
2024-06-16,27.953,1381.821,0.7303721790000001,2826.0,1.79374375,17.9379625
2024-06-17,100.464,1393.911,1.6648079900000001,6763.0,1.9245372413793103,18.802568965517242
2024-06-18,54.576,1382.337,1.538552011,5358.0,1.712976923076923,17.686219230769233
2024-06-19,28.916,1376.477,0.6875408,2626.0,1.83288875,18.70075
2024-06-20,46.08,1391.059,0.92020718,3551.0,1.9849852631578948,20.576021052631578
2024-06-21,32.033,1415.086,0.89465627,3159.0,1.8325663846153846,19.1399
2024-06-22,25.446,1366.281,0.784741816,2892.0,1.6537345,17.519650000000002
2024-06-23,44.033,1363.6399999999999,1.010138791,3724.0,1.928239,19.48816
2024-06-24,56.109,1403.197,1.19234906,4163.0,1.9349500000000002,19.57901153846154
2024-06-25,51.792,1379.136,1.04652593,3921.0,1.968503157894737,19.871494736842106
2024-06-26,53.345,1391.924,1.126503473,4048.0,1.9498638888888888,18.74449444444444
2024-06-27,69.52,1395.841,1.474681756,5819.0,1.7760337499999999,17.97896666666667
2024-06-28,56.869,1395.047,1.191100666,4473.0,1.783713913043478,18.281373913043478
2024-06-29,88.65599999999999,1371.98,1.732585653,6588.0,1.8995821621621622,19.301943243243244
2024-06-30,38.917,1397.502,0.88033406,3061.0,1.653019655172414,18.721120689655173
2024-07-01,73.139,1383.605,1.51341771,5851.0,1.9471999999999998,18.91635
2024-07-02,20.541999999999998,1373.435,0.5050383,1865.0,1.6919372727272728,16.893309090909092
2024-07-03,40.795,1361.691,0.977381863,3560.0,1.811916923076923,19.412446153846155
2024-07-04,33.013999999999996,1367.826,0.704592182,2466.0,1.7712472727272726,18.324945454545453
2024-07-05,90.163,1412.5729999999999,1.755193609,5827.0,2.0603115,20.43139375
2024-07-06,49.913,1419.398,0.888467502,3186.0,1.9322861904761903,19.53501904761905
2024-07-07,19.171,1329.9569999999999,0.47552919,1731.0,1.64694375,16.5846125
2024-07-08,30.115,1386.528,0.733111892,2634.0,1.8745540000000003,18.93697
2024-07-09,144.643,1417.484,2.815347961,10740.0,1.962481923076923,19.533578205128205
2024-07-10,54.284,1386.3319999999999,1.17265109,4319.0,1.8002868,18.204692
2024-07-11,62.160000000000004,1434.846,1.11748666,4019.0,1.9074966666666666,18.253363636363638
2024-07-12,33.077,1340.646,0.608782493,2200.0,1.7224405882352942,17.94808823529412
2024-07-13,45.298,1421.633,0.926514233,3657.0,1.9908733333333335,19.06632857142857
2024-07-14,35.873000000000005,1347.547,0.759185502,2600.0,1.821644347826087,18.8976
2024-07-15,18.368,1372.2749999999999,0.492996712,1721.0,1.7050433333333332,18.02272222222222
2024-07-16,20.274,1382.297,0.508840526,1725.0,1.5782833333333333,17.45403333333333
2024-07-17,23.715,1377.469,0.53000474,2037.0,1.7379284615384616,17.867923076923077
2024-07-18,15.466,1396.09,0.38013614,1340.0,1.6189825,16.929100000000002
2024-07-19,13.658999999999999,1395.376,0.35837531,1378.0,1.6489414285714286,16.59164285714286
2024-07-20,66.294,1367.475,1.382115571,4983.0,1.746531923076923,17.989061538461538
2024-07-21,50.136,1393.006,1.129820528,3965.0,1.7707591999999999,18.047208
2024-07-22,50.66,1389.205,1.085423517,4120.0,1.915524210526316,19.27057894736842
2024-07-23,79.687,1364.709,1.564599787,5932.0,1.7529436363636364,18.30705
2024-07-24,54.193,1384.763,1.266770892,4861.0,1.9729771999999999,19.511772
2024-07-25,84.19200000000001,1404.723,1.7139970150000001,6736.0,1.8992654761904761,18.869478571428573
2024-07-26,329.464,1446.022,5.965194031,21096.0,2.1494094186046513,20.608239766081873
2024-07-27,262.109,1452.373,4.66564264,17220.0,2.0822823956834533,19.95124964028777
2024-07-28,189.00900000000001,1443.703,3.036430617,11285.0,2.005862886597938,19.831117525773198
2024-07-29,46.161,1354.297,1.10643886,3977.0,1.698350769230769,17.11080769230769
2024-07-30,60.235,1408.289,1.313740793,4868.0,1.9237650000000002,19.70469
2024-07-31,52.739,1370.512,1.3077378,4873.0,1.7543982142857144,17.969592857142857
2024-08-01,37.883,1392.811,0.881787836,3409.0,1.787195263157895,17.965157894736844
2024-08-02,61.076,1384.1599999999999,1.190777401,4564.0,1.9587175000000001,19.61118125
2024-08-03,51.596000000000004,1424.46,1.1560245439999999,4353.0,1.874552,18.8976
2024-08-04,70.964,1353.619,1.3750681200000001,5344.0,1.931221388888889,19.75062222222222
2024-08-05,36.787,1393.017,0.75860103,2814.0,1.8749590909090907,18.146
2024-08-06,24.762999999999998,1386.36,0.53405609,1913.0,1.7634533333333333,17.847733333333334
2024-08-07,40.384,1364.331,0.73347888,2665.0,1.9621114285714287,20.388057142857143
2024-08-08,61.959,1388.945,1.1472561000000001,4375.0,1.8927926923076923,19.321584615384616
2024-08-09,25.055,1395.233,0.62120326,2350.0,2.093775,20.94485
2024-08-10,57.265,1411.179,1.14124119,4199.0,1.8409383783783786,18.993367567567567
2024-08-11,68.319,1304.384,1.352955285,5110.0,1.7862340740740743,18.416411111111113
2024-08-12,,1261.128,,,,
2024-08-13,0.13,293.103,0.02391654,100.0,,
2024-08-14,,1203.8039999999999,0.0025724819999999996,9.0,,
2024-08-15,0.006,1375.9389999999999,0.013862800000000002,49.0,,
2024-08-16,0.222,148.211,0.0052568,17.0,,
2024-08-18,,802.536,,,,
2024-08-19,29.494,1367.924,0.438688112,1815.0,1.8342863636363638,17.64491818181818
2024-08-20,42.107,1380.5629999999999,0.89643365,3600.0,1.7869176470588235,17.785976470588235
2024-08-21,58.529,1386.62,1.0794146900000001,4225.0,1.8808891666666667,18.848391666666668
2024-08-22,45.021,1366.478,0.873386717,3532.0,1.9117207692307692,17.86793076923077
2024-08-23,47.231,1393.0049999999999,0.84844489,3307.0,1.7240385714285715,17.041585714285713
2024-08-24,51.384,1391.34,0.8849498,3458.0,2.05159,19.96622142857143
2024-08-25,21.676000000000002,1360.304,0.501912514,1977.0,1.9113377777777778,18.810111111111112
2024-08-26,24.769000000000002,1381.032,0.5268171700000001,2144.0,1.9013964705882354,19.036558823529415
2024-08-27,39.073,1402.937,0.8382603750000001,3301.0,1.9699018750000001,18.55311875
2024-08-28,52.002,1408.95,1.061767707,4321.0,1.8575879166666667,18.22502916666667
2024-08-29,49.077,1393.889,1.002185,3766.0,1.78955,17.867926923076922
2024-08-30,38.782,1380.821,0.819470295,3119.0,1.6642813333333335,16.22044
2024-08-31,36.299,1338.0929999999998,0.68534749,2698.0,1.8871609090909092,18.14599090909091
2024-09-01,53.244,1386.616,1.05246768,4306.0,1.8979546153846154,18.246480769230768
2024-09-02,44.364,1404.862,0.8209430600000001,3454.0,1.910982857142857,18.461717857142855
2024-09-03,59.423,1363.056,1.142596118,4252.0,2.0153728571428573,19.92872857142857
2024-09-04,22.730999999999998,1417.3,0.42878367,1639.0,1.9535900000000002,18.996025
2024-09-05,68.803,1372.612,1.125340765,4378.0,1.8966863157894736,18.31741052631579
2024-09-06,31.192,1361.685,0.51127047,1968.0,1.8454725,18.5039
2024-09-07,155.712,1416.527,2.649489548,10209.0,1.9484284615384615,19.331684615384614
2024-09-08,280.695,1412.933,2.49973298,10157.0,1.8231035714285715,19.1132
2024-09-09,38.579,1377.908,0.74292967,2735.0,2.0473857894736844,19.726447368421052
2024-09-10,41.709,1407.735,0.769207702,3106.0,1.6934923529411763,16.79014705882353
2024-09-11,30.317,1377.51,0.66581793,2660.0,1.8534642857142856,18.447657142857143
2024-09-12,56.669,1374.931,1.18314068,4750.0,1.98212,18.863365217391305
2024-09-13,27.320999999999998,1393.324,0.66711668,2602.0,1.749285,17.67713
2024-09-14,34.8,1365.117,0.73456067,2871.0,1.872317,19.05508
2024-09-15,17.188,1377.362,0.392029396,1450.0,2.035615,20.57085
2024-09-16,28.798000000000002,1382.866,0.632891754,2424.0,1.909785,19.3405125
2024-09-17,30.817999999999998,1383.249,0.717223295,2675.0,1.87063875,18.5039125
2024-09-18,16.533,1372.6309999999999,0.41011734,1603.0,1.964032,19.44878
2024-09-19,40.142,1418.724,0.91532947,3679.0,1.9125809090909092,19.470263636363637
2024-09-20,35.063,1356.435,0.7488268029999999,2950.0,1.81689,17.957094444444447
2024-09-21,35.525999999999996,1379.831,0.64333665,2522.0,1.9237636363636363,19.004981818181818
2024-09-22,16.235,1375.552,0.47524977,1751.0,1.7932766666666666,19.094466666666666
2024-09-23,28.3,1381.968,0.65439713,2447.0,1.8406814285714286,18.84135714285714
2024-09-24,34.551,1389.849,0.83451348,3021.0,1.9013953846153848,18.8976
2024-09-25,21.573,1372.971,0.54469387,2011.0,1.7746366666666669,17.7165
2024-09-26,45.464,1409.925,0.81545657,2964.0,1.816113125,18.82378125
2024-09-27,45.26,1409.193,0.76293204,3008.0,1.9013971428571428,18.72887142857143
2024-09-28,38.712,1347.999,0.710823242,2660.0,1.7984965,17.7165
2024-09-29,29.438,1398.003,0.61074582,2412.0,1.9748964285714286,19.17882142857143
2024-09-30,24.89,1376.733,0.4921881,1923.0,1.7423233333333334,17.366544444444443
2024-10-01,14.357,1388.05,0.35904689,1357.0,1.7522658333333334,16.830676666666665
2024-10-02,5.104,1351.04,0.11632698000000001,484.0,2.03561,18.1102
2024-10-03,21.493,1393.2169999999999,0.45540279,1837.0,1.9013958333333336,18.667941666666668
2024-10-04,38.669,1344.517,1.02185599,4254.0,1.8067553846153845,18.65532307692308
2024-10-05,110.083,1399.9769999999999,1.968511912,7514.0,1.932792105263158,20.534571929824562
2024-10-06,24.31,1421.57,0.51893191,1977.0,1.8678425,19.3405125
2024-10-07,31.333000000000002,1351.067,0.572860513,2215.0,1.6821760000000001,16.81099
2024-10-08,164.276,1391.223,2.00590553,8219.0,1.821505,18.813235714285714
2024-10-09,202.681,1397.641,2.791551839,10366.0,1.9719998437500001,21.0568046875
2024-10-10,36.25,1389.21,0.81554957,3096.0,1.9500823529411766,19.314464705882354
2024-10-11,24.113,1379.805,0.54668235,2196.0,1.9365464285714287,19.572514285714284
2024-10-12,42.396,1394.854,0.83760199,3122.0,1.801391176470588,17.623864705882355
2024-10-13,47.974000000000004,1376.591,1.06286105,4199.0,1.8289188,19.11808
2024-10-14,30.849,1390.62,0.6206752600000001,2472.0,1.814155,18.18894
2024-10-15,35.363,1377.308,0.72505956,2798.0,1.8820093333333332,19.21256
2024-10-16,21.619,1385.398,0.40444434,1593.0,2.0207,19.42254
2024-10-17,40.555,1409.7169999999999,0.925662702,3437.0,1.9394230000000001,18.720435000000002
2024-10-18,36.86,1355.5059999999999,0.92718504,3225.0,1.732027142857143,18.475785714285713
2024-10-19,40.666,1381.992,0.856044237,3047.0,1.9163093333333334,19.238813333333333
2024-10-20,33.732,1373.501,0.711923925,2661.0,1.8156466666666669,18.460155555555556
2024-10-21,32.311,1419.074,0.64420412,2406.0,2.0960080000000003,19.60626
2024-10-22,35.845,1368.745,0.749038018,2834.0,1.8745526666666668,19.133826666666668
2024-10-23,28.618,1361.93,0.655981392,2402.0,1.8835000000000002,19.80311
2024-10-24,46.854,1404.833,0.855879557,3290.0,1.9440378125,19.438940625
2024-10-25,12.221,1399.935,0.334409726,1242.0,1.8812640000000003,18.38579
2024-10-26,16.607,1341.059,0.444037931,1647.0,1.7991342857142858,17.097828571428572
2024-10-27,33.583,1379.4769999999999,0.71439053,2924.0,1.8316558823529412,18.364952941176472
2024-10-28,51.214,1418.405,0.97660943,3883.0,1.7398383333333334,16.972844444444444
2024-10-29,53.853,1361.822,1.18974564,4619.0,1.7671804761904764,17.92272857142857
2024-10-30,72.523,1399.494,1.505812712,6088.0,1.7554863636363636,17.984936363636365
2024-10-31,45.589,1423.984,0.934059998,3559.0,1.948716153846154,19.473007692307693
2024-11-01,27.59,1336.617,0.56612964,2124.0,1.902795,19.04524375
2024-11-02,18.729,1397.498,0.61718321,2612.0,1.9442708333333334,18.667951666666667
2024-11-03,12.47,1385.057,0.276429306,1112.0,1.7850740000000003,17.55902
2024-11-04,35.902,1404.117,0.68175609,2648.0,1.7909475000000001,17.49504375
2024-11-05,38.61,1359.702,0.755910338,2838.0,1.7067830000000002,16.69288
2024-11-06,35.413,1389.517,0.80623504,3219.0,1.7316523529411765,17.73966470588235
2024-11-07,55.689,1385.07,1.16072737,4717.0,1.9068375675675677,18.259167567567566
2024-11-08,78.642,1376.916,1.43388238,5165.0,1.8098854545454546,18.647063636363637
2024-11-09,27.05,1368.059,0.65183689,2473.0,1.9032608333333334,18.175816666666666
2024-11-10,46.905,1374.1399999999999,1.0560759,4200.0,1.803218888888889,17.78212222222222
2024-11-11,50.999,1403.275,1.006180313,4061.0,1.88317,18.926762962962965
2024-11-12,59.577,1382.768,1.226773288,4733.0,1.9177993333333334,18.93697
2024-11-13,307.04,1423.881,4.13931917,17014.0,2.1065280851063832,20.681829787234044
2024-11-14,46.041000000000004,1387.012,1.04428269,3653.0,1.6345614285714285,17.266557142857142
2024-11-15,39.026,1405.588,0.799779186,3111.0,1.883997222222222,18.788249999999998
2024-11-16,21.847,1351.309,0.55227701,2068.0,1.9386766666666666,18.503899999999998
2024-11-17,23.447,1404.901,0.468899716,1594.0,1.8383554545454546,18.1102
2024-11-18,28.258,1369.489,0.5862947,2240.0,1.804854210526316,18.29668947368421
2024-11-19,22.747,1374.843,0.5977465,2180.0,1.9530184615384616,18.98846153846154
2024-11-20,22.302,1383.223,0.615797451,2228.0,1.880625,19.12257142857143
2024-11-21,22.314999999999998,1385.6,0.43789261,1681.0,1.979687857142857,19.51627142857143
2024-11-22,33.756,1398.844,0.75411472,2822.0,1.9378926315789475,19.2913
2024-11-23,82.356,1371.747,1.72308308,6498.0,1.956223137254902,19.314458823529414
2024-11-24,18.959,1362.821,0.492896457,1955.0,1.913326,18.556393333333336
2024-11-25,11.001,1389.374,0.34176666099999997,1272.0,1.859852857142857,19.628757142857143
2024-11-26,15.297,1383.372,0.376109833,1443.0,1.9603700000000002,19.470263636363637
2024-11-27,24.718,1403.003,0.607176,2230.0,1.876044,18.083953333333334
2024-11-28,31.917,1337.913,0.697743898,2633.0,2.042554827586207,19.820758620689656
2024-11-29,74.384,1435.072,1.282839944,4393.0,2.144448076923077,20.207409615384616
2024-11-30,19.841,1380.7749999999999,0.43596014,1647.0,1.937186,19.527530000000002
2024-12-01,16.488,1333.632,0.401349785,1456.0,2.00765,20.111516666666667
2024-12-02,40.241,1409.396,0.79706393,2974.0,1.8204399999999998,18.578890476190477
2024-12-03,27.796,1381.474,0.6552796,2656.0,1.8231034375,18.5531125
2024-12-04,26.441,1363.978,0.62019062,2365.0,2.0456775,20.570835
2024-12-05,55.138999999999996,1375.114,1.009442412,3928.0,1.8450574074074073,18.299762962962962
2024-12-06,92.605,1400.227,1.86912695,7442.0,1.9276709523809523,18.97259047619048
2024-12-07,20.918,1389.4550000000002,0.447562316,1811.0,1.913238823529412,19.847111764705883
2024-12-08,24.265,1366.881,0.5732835000000001,2280.0,1.7989678947368422,20.28592105263158
2024-12-09,20.421,1392.047,0.529271516,2019.0,1.7551346153846152,17.777069230769232
2024-12-10,28.134,1355.23,0.667309147,2656.0,1.8648973684210528,18.77327894736842
2024-12-11,22.924,1411.68,0.5770861310000001,2102.0,1.8106744444444445,18.153944444444445
2024-12-12,21.424,1323.471,0.477076426,1711.0,1.796261,18.38579
2024-12-13,28.575,1417.228,0.690380896,2553.0,1.9119223529411764,18.33165625
2024-12-14,21.781,1340.964,0.618338893,2266.0,1.989382,20.288693333333335
2024-12-15,26.812,1382.306,0.54968364,2235.0,1.7972620689655172,18.273113793103448
2024-12-16,32.502,1385.9460000000001,0.739779614,2914.0,1.9737664705882352,19.66184705882353
2024-12-17,44.449,1382.634,0.843181862,3128.0,1.8011812,18.724376
2024-12-18,33.39,1374.982,0.71329125,2793.0,1.7895493333333334,18.635133333333332
2024-12-19,22.817,1387.883,0.499557344,1920.0,1.9013971428571428,18.41953714285714
2024-12-20,40.539,1382.9080000000001,0.8403732660000001,3358.0,1.802661896551724,18.721120689655173
2024-12-21,35.55,1390.107,0.602984811,2378.0,1.8309337500000002,18.366104999999997
2024-12-22,113.77,1339.357,1.51751915,6060.0,1.9526105263157896,19.62283684210526
2024-12-23,24.288,1410.598,0.47244711,1612.0,1.934950625,20.93991875
2024-12-24,41.612,1358.6100000000001,0.89325239,3571.0,1.9877886206896553,19.671424137931037
2024-12-25,97.444,1381.8790000000001,1.960618008,7477.0,1.9333526984126985,19.366293650793654
2024-12-26,32.725,1382.9460000000001,0.676890572,2385.0,2.001041818181818,19.863954545454547
2024-12-27,7.944,1377.5030000000002,0.227651825,852.0,2.049032,18.97634
2024-12-28,36.989,1380.096,0.750088207,2769.0,1.9005020000000001,18.960592
2024-12-29,32.237,1413.643,0.601400106,2369.0,1.9734733333333334,18.85386111111111
2024-12-30,25.954,1359.117,0.570946745,2155.0,1.8578994444444443,18.110200000000003
2024-12-31,18.573,1395.747,0.41977957,1578.0,2.0899385714285716,19.23505714285714
2025-01-01,18.505,1370.49,0.405817504,1535.0,1.9908737500000002,18.799174999999998
2025-01-02,18.041,1331.376,0.414057117,1632.0,1.7735714285714284,17.3228
2025-01-03,16.512,1381.517,0.42540017,1682.0,1.75823,16.81099
2025-01-04,74.35,1394.807,1.537669562,6111.0,1.9785113157894738,19.622842105263157
2025-01-05,44.446,1375.266,0.8806340109999999,3203.0,1.9878906666666665,20.341173333333334
2025-01-06,39.693,1366.297,0.74634782,2585.0,1.8412781249999999,19.8326375
2025-01-07,47.336,1411.001,0.88362086,3152.0,1.842528947368421,18.8976
2025-01-08,23.008,1336.6100000000001,0.44569088300000004,1619.0,2.0958376923076925,22.319784615384613
2025-01-09,27.198,1400.632,0.5161110760000001,2089.0,1.8531257894736841,18.711115789473684
2025-01-10,34.937,1400.567,0.552094428,2205.0,1.751389411764706,17.809135294117645
2025-01-11,32.331,1369.397,0.64921293,2310.0,2.010262,19.580013333333333
2025-01-12,9.229,1329.0040000000001,0.23795412500000002,856.0,1.8119183333333335,18.503899999999998
2025-01-13,101.194,1435.861,1.6458316100000001,5983.0,2.008191612903226,20.358106451612905
2025-01-14,36.086999999999996,1366.358,0.70968662,2806.0,1.9581807692307693,20.59353846153846
2025-01-15,15.333,1378.9750000000001,0.29439942,1118.0,2.2443899999999997,24.803133333333335
2025-01-16,47.103,1380.991,0.889344242,3447.0,1.8434014814814816,18.285177777777776
2025-01-17,20.62,1361.402,0.575700108,1963.0,2.3072385714285715,23.453300000000002
2025-01-18,35.622,1354.237,0.645224559,2522.0,1.9013971428571428,19.2913
2025-01-19,28.852,1396.765,0.69966383,2672.0,1.9494890000000002,20.137764999999998
2025-01-20,31.821,1375.505,0.569586318,1976.0,2.08994,20.64112857142857
2025-01-21,25.495,1336.498,0.48233930999999997,1704.0,2.158645,21.702737499999998
2025-01-22,37.174,1378.2740000000001,0.654800941,2477.0,1.9133273333333334,18.5564
2025-01-23,31.136,1374.1950000000002,0.6472328,2576.0,1.872316,18.602330000000002
2025-01-24,44.268,1399.443,0.85555983,3146.0,1.817510625,17.96256875
2025-01-25,25.895,1359.959,0.51936666,1996.0,1.8497746153846155,18.413046153846153
2025-01-26,45.956,1405.047,1.047333108,3770.0,2.0227073076923077,19.987849999999998
2025-01-27,44.597,1366.163,0.821141984,3058.0,1.9519695652173912,19.376891304347826
2025-01-28,44.057,1413.778,0.764039201,2948.0,1.9667823076923079,19.987853846153847
2025-01-29,34.111000000000004,1357.935,0.38000594,1387.0,1.8694385714285715,18.1102
2025-01-30,25.122,1339.959,0.612908141,2331.0,1.8473366666666668,18.5039
2025-01-31,41.356,1380.729,0.722649011,3052.0,1.8818225,18.67615
2025-02-01,29.803,1405.258,0.67795312,2492.0,1.782094,18.713873333333332
2025-02-02,89.307,1395.94,1.45966263,5478.0,2.0484912121212124,20.496272727272725
2025-02-03,37.356,1366.9180000000001,0.9403711,3568.0,1.88106,19.36288181818182
2025-02-04,27.471,1338.626,0.592229384,2232.0,2.096327857142857,21.653521428571427
2025-02-05,19.745,1392.768,0.470954075,1755.0,1.9269607142857144,20.16307857142857
2025-02-06,29.732,1373.674,0.62997054,2300.0,1.83632,19.148145454545457
2025-02-07,64.686,1365.294,1.318835251,5021.0,2.0287295384615383,20.664205384615382
2025-02-08,26.44,1378.309,0.5665908980000001,2029.0,1.9379981818181817,19.899754545454545
2025-02-09,42.106,1376.117,0.93790967,3234.0,1.9685044999999999,19.547204999999998
2025-02-10,24.681,1411.988,0.691132622,2460.0,2.112307142857143,20.75361428571429
2025-02-11,40.954,1358.472,0.9792062079999999,3732.0,1.8682562962962963,18.35809259259259
2025-02-12,23.832,1364.652,0.57442649,2211.0,1.8625442105263157,18.503899999999998
2025-02-13,9.341,1380.9850000000001,0.214267486,831.0,1.7410816666666669,17.191566666666667
2025-02-14,27.504,1371.839,0.6003874299999999,2360.0,1.9108142105263157,19.80933157894737
2025-02-15,19.463,1408.057,0.45601183,1844.0,1.9312216666666666,18.8976
2025-02-16,34.367,1373.606,0.7461417850000001,2685.0,1.9424055555555557,19.00696111111111
2025-02-17,30.227999999999998,1355.279,0.53078148,2094.0,1.9416613333333332,19.711246666666668
2025-02-18,25.8,1379.015,0.46373529,1786.0,1.881511111111111,19.203811111111108
2025-02-19,9.564,1362.933,0.21361507,757.0,1.6010078571428572,17.3228
2025-02-20,14.339,1346.23,0.400262319,1388.0,1.7979375,18.3562625
2025-02-21,20.556,1404.3880000000001,0.5679520459999999,2128.0,2.0635733333333333,20.0459
2025-02-22,17.314,1374.2,0.412689958,1636.0,1.8883458333333334,18.635133333333332
2025-02-23,34.856,1349.693,0.8194523340000001,2990.0,1.8247004761904764,18.5039
2025-02-24,38.259,1405.364,0.8692542,3443.0,1.9817596296296298,19.480859259259258
2025-02-25,14.738,1365.376,0.390370354,1505.0,1.818629,18.62201
2025-02-26,12.924,1369.92,0.35451709,1306.0,1.7224388888888889,17.760244444444442
2025-02-27,25.266000000000002,1403.277,0.572220697,2354.0,2.096756,21.07608
2025-02-28,32.553,1363.683,0.688466905,2574.0,1.8745526666666668,19.133826666666668
2025-03-01,23.78,1389.77,0.574426843,2044.0,1.8945146153846153,18.62503846153846
2025-03-02,39.207,1332.847,0.817196584,2964.0,1.9163092592592592,19.685007407407404
2025-03-03,10.497,1380.901,0.27704451,1092.0,1.8007325,18.8976
2025-03-04,24.509,1408.223,0.48282346,2028.0,1.9088516666666668,20.27555
2025-03-05,30.768,1345.935,0.59872837,2320.0,2.268894285714286,23.003342857142858
2025-03-06,38.315999999999995,1378.086,0.713923988,2793.0,2.0071427272727274,20.221863636363636
2025-03-07,14.251,1412.919,0.407122425,1489.0,1.64415,18.241433333333333
2025-03-08,76.68299999999999,1392.651,1.542509353,5159.0,2.0232497368421054,20.389523684210523
2025-03-09,42.653999999999996,1366.4,0.85773411,3802.0,1.8991585,19.31099
2025-03-10,28.035,1384.712,0.70222403,2689.0,1.8678412500000001,18.87299375
2025-03-11,56.617,1388.814,1.267808479,4331.0,2.15165375,21.259809375
2025-03-12,51.21,1373.9840000000002,0.972713331,3737.0,2.0505253333333333,21.443533333333335
2025-03-13,53.946,1399.912,1.04007038,3929.0,1.9293575,19.56689
2025-03-14,20.564,1332.8290000000002,0.535814721,1916.0,1.7879514285714286,19.206942857142856
2025-03-15,49.121,1395.942,0.96644899,3816.0,1.9535922222222224,19.59751111111111
2025-03-16,222.055,1436.766,4.24850412,14910.0,2.1411959,20.948784
2025-03-17,17.535,1380.1000000000001,0.47027248,1855.0,1.825339,17.67713
2025-03-18,47.674,1344.2530000000002,0.888915313,3578.0,1.8790259090909094,18.34284090909091
2025-03-19,40.099,1379.286,0.776639693,3300.0,1.9444138461538463,20.411838461538462
2025-03-20,55.098,1416.355,1.0663227100000001,4037.0,2.0374016,21.133827999999998
2025-03-21,31.841,1342.035,0.7799701,2873.0,1.94194,19.611193749999998
2025-03-22,44.391999999999996,1385.292,0.9288754699999999,3301.0,1.930828947368421,20.886836842105264
2025-03-23,43.922,1371.968,1.105724574,3922.0,1.7422284615384613,18.776465384615385
2025-03-24,25.129,1420.241,0.629709913,2488.0,1.7318600000000002,17.94443157894737
2025-03-25,66.497,1337.835,1.3309521899999999,5083.0,1.988604492753623,19.451065217391303
2025-03-26,48.723,1426.756,1.121665036,4206.0,1.98598,20.017190625
2025-03-27,67.682,1361.137,1.51807174,5268.0,1.7441724285714286,18.68388
2025-03-28,19.678,1354.231,0.47444181,1842.0,1.6709910000000001,16.37792
2025-03-29,34.475,1375.684,0.78550683,2882.0,1.8420682608695653,19.70213043478261
2025-03-30,107.60799999999999,1383.72,2.21734881,8292.0,1.8228744897959186,18.688698367346937
2025-03-31,118.996,1411.3,2.011140768,7412.0,1.9670447826086956,20.207080434782608
2025-04-01,50.455,1372.159,1.05590848,4160.0,1.8052907407407406,18.139362962962963
2025-04-02,88.589,1421.738,1.64726119,6538.0,1.8333554166666666,18.979625000000002
2025-04-03,134.036,1378.677,2.455062269,9184.0,2.101194772727273,21.322436363636363
2025-04-04,243.608,1417.651,4.10088887,12993.0,2.169828275862069,22.685293103448277
2025-04-05,122.306,1383.087,2.12000127,9259.0,1.9469332142857143,19.277242857142856
2025-04-06,145.71,1414.1770000000001,2.29881277,8917.0,1.956076311111111,18.77512
2025-04-07,42.396,1392.863,0.931889322,3707.0,1.7436326315789472,17.67505789473684
2025-04-08,27.941,1386.837,0.7021742599999999,2640.0,1.9189714285714286,19.12257857142857
2025-04-09,34.351,1373.287,0.8700941,3331.0,1.79374375,18.331656249999998
2025-04-10,26.86,1391.903,0.64142271,2428.0,1.8635400000000002,18.56446923076923
2025-04-11,45.453,1381.635,0.80125184,3319.0,1.921411210526316,18.69038947368421
2025-04-12,25.664,1331.438,0.5270267279999999,1998.0,1.8598535714285716,18.447664285714286
2025-04-13,13.541,1411.248,0.32005590899999997,1253.0,1.89181,18.503899999999998
2025-04-14,31.792,1351.479,0.660803106,2546.0,1.9857130769230769,19.775853846153844
2025-04-15,40.255,1360.5610000000001,0.73999057,2918.0,1.99684,20.02621333333333
2025-04-16,22.917,1414.094,0.531011515,2159.0,1.9759616666666666,19.050705555555556
2025-04-17,31.479,1373.938,0.59418647,2397.0,1.9890100000000002,19.849050000000002
2025-04-18,101.279,1379.991,1.622746971,6326.0,1.9312223076923078,18.99854871794872
2025-04-19,25.555,1355.6100000000001,0.644082498,2370.0,2.1139041666666665,21.095766666666666
2025-04-20,17.691,1373.692,0.541127324,1936.0,2.0281555555555553,19.816233333333333
2025-04-21,46.849,1405.2540000000001,1.035614706,4194.0,1.8098845454545456,17.430172727272726
2025-04-22,18.955000000000002,1351.268,0.457496951,1776.0,1.8249691666666668,18.635133333333332
2025-04-23,34.88,1367.761,0.709245553,2794.0,1.8731405263157894,18.607505263157893
2025-04-24,22.515,1377.0230000000001,0.54683762,2221.0,1.834286,17.716500000000003
2025-04-25,23.727,1405.54,0.566901898,2264.0,1.569585,15.616766666666665
2025-04-26,21.974,1368.631,0.60670678,2376.0,1.84771,18.346420000000002
2025-04-27,46.78,1368.607,1.13287893,4146.0,1.8148365217391307,18.33272608695652
2025-04-28,47.541,1383.791,1.00275002,3784.0,1.8423412,18.74012
2025-04-29,25.558999999999997,1358.174,0.682774918,2598.0,1.8969213333333335,19.002586666666666
2025-04-30,63.693,1386.156,1.3195678180000001,4627.0,1.8167114285714285,19.206939285714288
2025-05-01,128.023,1366.311,2.020251469,7947.0,2.0661833333333335,20.236196666666668
2025-05-02,523.308,1476.625,6.25819752,24204.0,1.925822528735632,18.834250574712645
2025-05-03,229.494,1425.554,3.54316677,13769.0,2.0247384722222224,20.188066666666668
2025-05-04,172.902,1373.741,2.868664083,10832.0,1.9832208157894737,19.612479210526317
2025-05-05,193.707,1401.727,2.77927641,10682.0,1.9953480000000001,19.559016
2025-05-06,31.898,1401.933,0.75671819,2816.0,1.9256308333333332,18.766366666666666
2025-05-07,16.18,1349.5140000000001,0.444292735,1593.0,1.8406785714285714,18.84135714285714
2025-05-08,27.003,1365.017,0.65701293,2348.0,1.9685042857142858,20.26618095238095
2025-05-09,29.256999999999998,1382.977,0.69834047,2550.0,1.997454117647059,19.847117647058823
2025-05-10,59.992,1392.487,1.215799375,4696.0,1.8628281379310345,18.87044827586207
2025-05-11,33.37,1360.8880000000001,0.816562168,3011.0,1.9306480769230772,20.154419230769232
2025-05-12,14.178,1371.767,0.38981738,1417.0,1.8546227272727274,18.754436363636362
2025-05-13,29.056,1381.656,0.64704043,2230.0,1.6540911111111112,17.607138888888887
2025-05-14,30.941999999999997,1365.059,0.61982371,2503.0,2.013242857142857,19.82560714285714
2025-05-15,118.509,1438.4,2.229438136,9349.0,1.9217327272727274,19.04076590909091
2025-05-16,37.063,1360.864,0.69304559,2683.0,2.023682,20.36742
2025-05-17,60.641999999999996,1384.3990000000001,1.2388777,5026.0,1.7767671428571428,18.447660714285714
2025-05-18,35.025,1366.346,0.69250595,2962.0,2.1236,20.787366666666667
2025-05-19,57.951,1382.415,1.3424779,5439.0,1.7564411999999998,17.511776
2025-05-20,163.212,1411.952,2.580156833,9625.0,2.025038,20.107338181818182
2025-05-21,131.4,1400.505,1.99220467,7793.0,2.0330702272727272,19.94448409090909
2025-05-22,43.966,1406.0610000000001,1.018683511,3610.0,1.7038,17.519658333333336
2025-05-23,66.002,1358.546,1.424567958,5477.0,1.953787105263158,19.57103947368421
2025-05-24,129.89,1403.45,2.33166889,9418.0,1.9156310454545455,19.206298863636363
2025-05-25,68.395,1394.4370000000001,1.412004741,5556.0,2.0183691666666665,19.717808333333334
2025-05-26,111.853,1391.75,1.919382054,7338.0,2.0424672580645162,20.36445806451613
2025-05-27,135.478,1397.237,2.37059913,8704.0,2.0095144444444446,20.304724074074073
2025-05-28,45.76,1394.923,0.99679123,3854.0,1.89291,18.422444827586208
2025-05-29,861.067,1431.305,4.317141996,17605.0,1.92696126984127,20.059957142857144
2025-05-30,799.523,1468.7060000000001,7.67259974,27024.0,1.869220684931507,19.356021917808217
2025-05-31,42.353,1392.405,0.900920245,3612.0,1.8048544210526316,17.71650105263158
2025-06-01,100.689,1410.8120000000001,1.7597216,7301.0,1.8889686666666667,18.538897777777777
2025-06-02,73.518,1342.277,1.3887397,5022.0,1.9079747058823529,19.17551176470588
2025-06-03,67.474,1413.65,1.290681207,4700.0,1.9601154166666668,20.111516666666667
2025-06-04,78.03,1400.4460000000001,1.552829719,5607.0,1.8641133333333333,18.594753846153846
2025-06-05,81.987,1339.252,1.51830777,5684.0,1.9163088333333331,18.580453055555555
2025-06-06,36.15,1371.557,0.754040227,2709.0,1.908107,19.035400000000003
2025-06-07,172.322,1415.7060000000001,2.9107382,9850.0,1.9694975555555556,19.58002
2025-06-08,121.994,1376.268,1.98995609,7192.0,1.883258918918919,19.291305405405403
2025-06-09,82.142,1505.147,1.629959596,6495.0,1.9660188888888888,19.36785833333333
2025-06-10,123.42,2029.5339999999999,2.040880962,6932.0,1.835604705882353,18.179676470588237
2025-06-11,96.666,2087.4139999999998,1.511646938,5122.0,1.799988,18.083953333333334
2025-06-12,136.009,2093.584,2.015617379,7805.0,2.035612195121951,19.800234146341463
2025-06-13,105.796,2063.929,1.65455029,6153.0,2.081072580645161,20.053309677419357
2025-06-14,64.981,2046.652,1.048314619,3903.0,1.8973281818181817,19.47025909090909
2025-06-15,103.943,2057.64,1.580683236,6092.0,1.850692,18.517026666666666
2025-06-16,61.087,2131.863,0.988716291,3673.0,1.9750287499999999,19.488158333333335
2025-06-17,62.383,2025.624,1.07271045,4258.0,1.8952251724137932,19.42706206896552
2025-06-18,72.828,2084.86,1.239238075,4580.0,1.7802291666666665,18.241433333333333
2025-06-19,76.521,2069.351,1.29803191,4831.0,1.83568625,18.270140625
2025-06-20,96.879,2073.055,1.5262052,5688.0,1.8995325,18.602329166666667
2025-06-21,56.078,2061.677,1.32464516,5404.0,1.8457456097560978,18.263839024390244
2025-06-22,69.103,2085.8089999999997,0.937127176,3703.0,1.8390807142857142,18.391414285714287
2025-06-23,91.341,2072.045,1.234026229,4792.0,1.8581999999999999,18.340989655172415
2025-06-24,79.661,2143.996,2.0890691009999998,8791.0,1.981394745762712,19.491489830508474
2025-06-25,80.137,2006.8509999999999,1.61588724,6221.0,1.833821875,18.881197916666668
2025-06-26,55.974,2144.223,1.09068125,4294.0,1.7241612692307693,17.519653846153844
2025-06-27,36.551,2017.935,0.639652554,2220.0,1.78955,18.30705
2025-06-28,24.785,2098.813,0.277771637,1084.0,1.6926133333333333,15.879233333333334
2025-06-29,25.942,2070.177,0.28519078,1089.0,1.69448,16.830675
2025-06-30,77.813,2115.651,1.989007631,8061.0,1.9361931111111113,19.588762222222222
2025-07-01,50.682,2039.7559999999999,1.458806443,6317.0,1.9485316071428573,18.8976
2025-07-02,91.136,2088.973,2.281761951,8921.0,1.9780907936507937,19.510022222222222
2025-07-03,87.152,2046.367,1.714232,6771.0,1.915591346153846,18.87488653846154
2025-07-04,62.106,2074.034,0.97370135,4063.0,1.7735707142857144,17.7165
2025-07-05,34.525,2072.866,0.70035972,2861.0,1.8050353846153846,17.534792307692307
2025-07-06,62.48,2081.616,0.97824987,3543.0,1.7645488235294118,18.063888235294115
2025-07-07,98.045,2071.062,1.214422589,4608.0,1.9265608333333333,18.864791666666665
2025-07-08,98.496,2124.6059999999998,1.70424714,6678.0,1.9058700000000002,19.1633525
2025-07-09,86.07600000000001,2030.238,1.342926413,5065.0,1.806325,18.372666666666667
2025-07-10,48.453,2097.769,0.827156825,3194.0,1.6936807142857142,17.800864285714287
2025-07-11,77.912,1401.2440000000001,1.310434529,5100.0,1.8305594444444446,18.274244444444445
2025-07-12,90.07000000000001,1366.684,2.388416563,10241.0,1.891094210526316,18.788815789473684
2025-07-13,66.256,1370.491,1.40289154,5456.0,1.9661489473684213,19.519231578947366
2025-07-14,112.23100000000001,1440.183,2.008269839,7551.0,2.0907898333333335,20.925161666666668
2025-07-15,142.998,1333.867,2.538743723,9310.0,2.0187487692307693,19.715284615384615
2025-07-16,272.21500000000003,1419.402,4.732741628,15202.0,2.0587029838709676,19.745328225806453
2025-07-17,276.374,1415.485,7.786241164,25275.0,2.1187588679245284,20.191983962264153
2025-07-18,204.119,1434.3890000000001,3.888310813,13681.0,2.0673766000000002,19.87588787878788
2025-07-19,21.91,1378.243,0.26392109,931.0,1.7559966666666667,18.831983333333334
2025-07-20,64.358,1353.98,1.096359978,3946.0,1.9325539285714286,19.699067857142857
2025-07-21,45.56,1368.428,0.495058613,1628.0,2.0213763636363637,20.90190909090909
2025-07-22,68.325,1365.416,0.8357009860000001,3061.0,1.8095642105263159,18.58678947368421
2025-07-23,75.78,1386.141,1.202826295,4520.0,1.8817548780487805,19.060841463414633
2025-07-24,78.647,1383.1090000000002,1.4052188,4959.0,1.8231039615384614,18.56446923076923
2025-07-25,73.249,1359.948,1.305680722,5169.0,1.835831379310345,18.653237931034482
2025-07-26,88.099,1384.1680000000001,1.4716058410000001,5807.0,1.9796883333333335,19.772491666666667
2025-07-27,49.663,1404.165,1.143105495,4597.0,1.8615195652173915,19.120130434782606
2025-07-28,54.823,1350.6570000000002,1.07135969,3556.0,1.803529375,18.5531125
2025-07-29,77.489,1391.7540000000001,1.043046559,4021.0,1.7959409523809522,17.604014285714285
2025-07-30,108.949,1400.691,1.819829617,7219.0,1.9539152173913044,19.291304347826088
2025-07-31,117.83,1357.223,2.963330181,11579.0,1.759527105263158,18.64376842105263
2025-08-01,63.865,1428.836,1.168712283,4766.0,1.8321571428571428,18.32579761904762
2025-08-02,53.789,1380.991,0.88472721,3400.0,1.9645089285714286,20.191185714285716
2025-08-03,103.702,1359.287,1.814950327,6485.0,2.0132426315789473,19.944023684210524
2025-08-04,107.124,1353.083,1.418696027,5003.0,1.9809316666666668,20.00215
2025-08-05,84.21,1398.026,1.233123232,4781.0,1.7307259259259258,18.270596296296297
2025-08-06,59.031,1373.179,1.014052817,3803.0,1.9603686363636363,19.792377272727272
2025-08-07,62.123,1377.288,0.887293166,3369.0,1.9479995833333332,19.652195833333334
2025-08-08,99.901,1404.1200000000001,2.118530745,8291.0,1.9708345833333334,19.045239583333334
2025-08-09,76.716,1343.239,1.01712445,3634.0,1.710013888888889,18.613266666666664
2025-08-10,77.021,1392.353,1.3890253,5479.0,2.0120644736842106,19.995818421052633
2025-08-11,77.355,1377.308,1.36049865,5256.0,1.874662195121951,19.23369024390244
2025-08-12,96.665,1364.031,1.448763902,5317.0,2.044851086956522,19.573741304347827
2025-08-13,117.245,1385.876,1.9804264,7876.0,1.910606862745098,18.48846274509804
2025-08-14,145.388,1419.499,2.58306373,10184.0,1.9030331707317074,18.801578048780488
2025-08-15,112.893,1367.151,2.533224693,10584.0,1.8399548000000001,18.026214666666668
2025-08-16,96.179,1383.251,1.592941007,6370.0,1.783713913043478,17.271447826086956
2025-08-17,144.543,1378.218,2.729167964,10211.0,1.9791002105263158,19.200128421052632
2025-08-18,164.593,1403.778,2.832823717,10555.0,1.9811220256410258,20.43707051282051
2025-08-19,163.246,1391.537,1.8551039839999999,6603.0,2.01975,20.952007272727272
2025-08-20,266.683,1443.198,2.8483136300000003,8229.0,2.195348591549296,22.274570422535213
2025-08-21,581.554,1444.117,7.77037057,23320.0,2.1362740072463766,21.182778985507248
2025-08-22,678.346,1847.815,7.48451183,17436.0,2.4555650943396223,25.022281132075474
2025-08-23,545.534,1969.121,5.8953998,13954.0,2.6697055445544557,27.184853465346535
2025-08-24,164.594,2039.732,1.48612862,3674.0,2.5396215625,25.09843125
2025-08-25,344.14,1953.1480000000001,3.548367099,8176.0,2.6460298305084744,26.5181
2025-08-26,681.473,2061.708,7.82495471,19450.0,2.6681807216494846,26.865026804123712
2025-08-27,608.033,2092.161,8.11170512,21602.0,2.428376589147287,24.678012403100777
2025-08-28,807.981,2026.159,8.93473062,21337.0,2.53266968503937,25.35805039370079
2025-08-29,484.666,2035.324,5.8927218,16257.0,2.4265434523809524,23.996984523809523
2025-08-30,427.056,2071.626,5.572423026,13848.0,2.4200993069306933,24.44061683168317
2025-08-31,624.583,2009.42,7.722380796,18787.0,2.351644069767442,23.750209302325583
2025-09-01,367.974,2006.813,4.49884632,11150.0,2.4031952702702704,23.967848648648648
2025-09-02,630.843,2039.845,7.455402919,17724.0,2.54116,25.17611894736842
2025-09-03,413.38100000000003,2027.417,4.7952455,13143.0,2.3792866666666663,23.950116666666666
2025-09-04,495.01800000000003,2048.892,6.107335722,17710.0,2.5090213265306125,24.742884693877553
2025-09-05,490.147,2049.623,5.94862095,14266.0,2.6026896103896107,25.263318181818182
2025-09-06,562.109,2060.489,7.48223002,17902.0,2.3610434615384617,23.66367019230769
2025-09-07,386.31,2002.722,4.643184961,11908.0,2.42888972972973,23.930602702702704
2025-09-08,302.087,1988.281,3.82533564,9188.0,2.428906727272728,23.62202909090909
2025-09-09,540.316,2102.918,6.22116108,17125.0,2.4820678125,24.548869791666664
2025-09-10,230.953,1962.271,2.79798053,7216.0,2.388839534883721,23.0269
2025-09-11,540.132,2033.654,6.5062158199999995,16940.0,2.4409892682926833,23.838086585365854
2025-09-12,466.164,2074.98,5.78717532,14142.0,2.604265131578947,25.42994736842105
2025-09-13,532.3299999999999,2036.819,6.53408278,16119.0,2.508017894736842,24.36799342105263
2025-09-14,299.298,2010.623,3.692205963,9551.0,2.369224137931034,23.16044827586207
2025-09-15,513.02,1975.463,6.42525929,17134.0,2.4834054545454545,24.130273636363636
2025-09-16,625.357,2083.971,7.261110771,18342.0,2.4949297142857145,24.413191428571427
2025-09-17,628.0500000000001,2041.67,7.154682374,17262.0,2.504623555555556,24.41818666666667
2025-09-18,628.771,2017.758,7.19405478,17230.0,2.485033181818182,24.51680909090909
2025-09-19,439.22,2034.785,5.28182146,12239.0,2.5630874074074077,25.036456790123456
2025-09-20,492.483,2017.358,6.1980764,14108.0,2.410174555555556,23.34206111111111
2025-09-21,451.347,2041.622,5.632667005,13738.0,2.3404748571428575,23.21708
2025-09-22,351.53000000000003,2012.654,4.276137165,10303.0,2.612814918032787,25.629283606557376
2025-09-23,495.931,2007.0,6.029957318,14287.0,2.5145457692307693,24.72238205128205
2025-09-24,651.672,2070.101,7.68480838,18359.0,2.403232635658915,24.064558914728682
2025-09-25,322.018,1990.566,3.651380404,8546.0,2.463061304347826,24.246823913043478
2025-09-26,412.802,2041.061,5.162451614,14833.0,2.394054166666667,22.83462619047619
2025-09-27,317.0,2015.474,4.20057963,12389.0,2.351883663366337,22.72158118811881
2025-09-28,203.46,1979.407,2.780305368,7133.0,2.4891005454545456,24.302061818181816
2025-09-29,361.231,2032.2740000000001,4.183528511,9837.0,2.626230447761194,25.555298507462684
2025-09-30,381.501,1983.477,4.149329042,10676.0,2.5813400000000004,24.743724528301886
2025-10-01,603.162,2064.654,7.849941143,19535.0,2.4918234862385322,24.297472477064222
2025-10-02,262.043,1990.012,2.9745226,7145.0,2.5072325,24.573483333333332
2025-10-03,398.872,2027.706,4.635228303,10725.0,2.5914284722222223,25.032805555555555
2025-10-04,458.329,2027.187,5.28320132,13333.0,2.565469156626506,24.8458421686747
2025-10-05,289.124,2001.5140000000001,3.585849476,10028.0,2.5074982539682544,24.609414285714287
2025-10-06,474.411,2054.927,5.466054349,16665.0,2.5108376666666667,24.48381
2025-10-07,288.368,1990.2,3.39700255,9913.0,2.533238852459016,24.441718032786884
2025-10-08,354.836,2075.138,4.189304938,13047.0,2.5699205714285713,24.932507142857144
2025-10-09,289.749,1957.154,3.297597026,9109.0,2.4731051923076923,24.09144038461538
2025-10-10,305.832,2040.16,4.23243913,10340.0,2.3426549315068494,22.996413698630136
2025-10-11,430.711,1977.635,5.717074921,12803.0,2.493087450980392,23.421323529411765
2025-10-12,517.115,2025.299,6.5189713,15611.0,2.435333738317757,23.931101869158876
2025-10-13,379.543,2076.748,4.63334843,10943.0,2.554036756756757,24.56905135135135
2025-10-14,314.984,1987.185,3.9874685629999997,9594.0,2.5298026153846154,24.548753846153847
2025-10-15,123.855,1926.7730000000001,1.663118407,3915.0,2.5448432352941177,24.421017647058825
2025-10-16,544.673,2075.962,6.965937752,16499.0,2.5013210476190477,23.832004761904763
2025-10-17,613.467,1988.736,7.141708754,17635.0,2.5401650505050504,24.48499595959596
2025-10-18,330.447,1998.273,4.08706408,9687.0,2.7229614545454544,26.70009090909091
2025-10-19,119.431,1967.1490000000001,1.3426528050000002,3153.0,2.5469114285714283,24.66252857142857
2025-10-20,430.10900000000004,2087.474,5.3149021020000005,12108.0,2.5599404395604393,24.781514285714284
2025-10-21,536.444,1967.509,6.56947169,15889.0,2.392016442307692,23.296464423076923
2025-10-22,336.941,2027.1950000000002,4.04730288,9900.0,2.4478473015873017,23.865749206349207
2025-10-23,693.512,2067.126,8.014582217,19952.0,2.451717109375,24.852348437499998
2025-10-24,602.024,2027.658,7.208582049,16312.0,2.503754639175258,24.15779381443299
2025-10-25,308.568,2010.539,3.703541725,10679.0,2.3807395714285713,23.638895714285713
2025-10-26,548.055,2071.077,6.800690371,17831.0,2.3782058558558563,23.221229729729732
2025-10-27,270.244,1960.473,3.176877627,7316.0,2.550107209302326,24.55593488372093
2025-10-28,789.032,2061.067,9.357897214,21191.0,2.501863059701493,24.05980671641791
2025-10-29,415.277,2028.199,5.24283467,13426.0,2.4622959574468086,24.12882021276596
2025-10-30,349.903,2018.405,4.541317361,11705.0,2.453550506329114,23.686816455696203
2025-10-31,474.286,2054.277,6.19555994,16935.0,2.3480766315789476,22.83462315789474
2025-11-01,605.009,2024.908,7.172593929,15973.0,2.433482427184466,23.25890582524272
2025-11-02,471.216,2088.498,5.414716169,13310.0,2.445232857142857,23.27434155844156
2025-11-03,492.786,1986.35,5.96399278,14673.0,2.4151774468085105,23.173879787234043
2025-11-04,538.622,2046.689,5.93305815,13274.0,2.4963625974025976,24.276498701298703
2025-11-05,491.919,1984.747,5.82824668,12068.0,2.4900921951219512,23.780469512195122
2025-11-06,334.524,2080.572,4.38799487,10714.0,2.2959391304347827,22.994376811594204
2025-11-07,419.504,1962.9180000000001,5.445606014,12562.0,2.4077821249999998,23.36612375
2025-11-08,522.43,2018.585,6.404364258,14404.0,2.568325567010309,24.620495876288658
2025-11-09,619.369,2046.857,7.71969526,18090.0,2.547287731092437,23.972729411764707
2025-11-10,758.848,2136.491,9.443603707,22910.0,2.413055704225352,23.658069014084507
2025-11-11,370.404,1962.951,4.572682789,11127.0,2.424452345679012,23.44704814814815
2025-11-12,473.902,2063.766,5.2556539859999996,12905.0,2.417116712328767,23.471015068493152
2025-11-13,581.689,2011.351,6.94488983,16269.0,2.529350630630631,24.256921621621622
2025-11-14,614.597,2054.259,7.080839127,19126.0,2.4877925892857142,24.008700892857142
2025-11-15,465.65,2048.452,5.26978894,15584.0,2.4461132978723406,23.95290106382979
2025-11-16,388.053,2005.121,4.44494838,10089.0,2.4801638028169015,24.71996901408451
2025-11-17,674.166,2094.6,7.003559663,15407.0,2.5094822988505747,24.472798850574712
2025-11-18,447.189,1960.976,5.044095206,12348.0,2.4472085333333333,23.847750666666666
2025-11-19,404.945,2073.609,4.576240059,11358.0,2.3348775675675677,23.047432432432434
2025-11-20,469.713,2034.161,5.32930515,13381.0,2.4216198780487805,23.890901219512195
2025-11-21,514.947,1982.297,6.4026026069999995,15363.0,2.3378091509433965,22.998042452830187
2025-11-22,622.528,2117.657,7.464162211,18819.0,2.5701987962962964,24.927090740740738
2025-11-23,422.176,2014.237,4.95972858,12229.0,2.383224603174603,23.0471
2025-11-24,882.229,2015.659,9.81922106,20908.0,2.574049140625,25.11995078125
2025-11-25,520.435,2025.155,6.323937055,15003.0,2.362364523809524,23.279878571428572
2025-11-26,397.128,2025.384,5.024854644,12120.0,2.354748333333333,22.998656666666665
2025-11-27,278.34499999999997,1994.007,3.69332373,8717.0,2.4264878947368422,23.679011842105265
2025-11-28,685.807,2091.5570000000002,8.27575748,20401.0,2.482350797101449,23.964378260869562
2025-11-29,258.587,2009.457,3.255338482,9430.0,2.558978275862069,24.87101379310345
2025-11-30,577.635,2070.724,6.78673342,14936.0,2.4527349019607847,23.405883333333332
2025-12-01,479.15500000000003,1989.8700000000001,5.80750905,14157.0,2.3780122666666665,23.658769333333332
2025-12-02,638.205,2046.472,7.02404653,17113.0,2.5016814285714286,24.409439560439562
2025-12-03,279.715,1992.429,3.174216491,7682.0,2.550107,25.127947499999998
2025-12-04,524.741,2046.146,6.1158643999999995,14714.0,2.5050853164556965,24.48918227848101
2025-12-05,564.477,2063.367,6.410490065,15268.0,2.559363563218391,24.35512643678161
2025-12-06,702.466,2039.201,7.734859228,18314.0,2.5971040366972478,25.13905963302752
2025-12-07,394.324,2012.499,5.2753939,13125.0,2.5277375903614456,24.262389156626504
2025-12-08,545.469,2049.236,6.229847840000001,15426.0,2.559156179775281,24.537726966292134
2025-12-09,420.466,2025.993,4.9328167700000005,12393.0,2.555269230769231,24.90005846153846
2025-12-10,426.04,1975.1499999999999,4.62843229,11971.0,2.505368947368421,24.347273684210524
2025-12-11,720.986,2102.056,8.547624376,21230.0,2.48264192,24.2330616
2025-12-12,475.235,1989.846,5.84521675,15276.0,2.684060705882353,25.451604705882353
2025-12-13,288.624,2007.9099999999999,4.0272967490000005,9779.0,2.354206212121212,23.234284848484847
2025-12-14,202.405,2002.4759999999999,2.714279207,6754.0,2.540643076923077,24.727446153846152
2025-12-15,409.535,2023.2659999999998,5.197494235,12515.0,2.5882894827586207,24.178655172413794
2025-12-16,167.153,1939.2269999999999,2.560229787,6297.0,2.4098454054054055,22.962294594594596
2025-12-17,605.122,2021.231,7.534987952,17607.0,2.5752237719298248,24.11243859649123
2025-12-18,484.278,2033.186,6.237485784,14151.0,2.6053406172839506,24.355972839506173
2025-12-19,328.786,2009.2369999999999,4.569486247,10733.0,2.4344157812500002,23.9542140625
2025-12-20,260.841,1984.716,3.7048503,9138.0,2.4922562068965517,24.30083448275862
2025-12-21,233.121,1985.646,3.333402261,8207.0,2.4343455,24.2322675
2025-12-22,181.336,1969.232,2.502486447,6035.0,2.394320357142857,24.198510714285714
2025-12-23,223.419,1982.358,3.417316561,8151.0,2.478878947368421,24.409442105263157
2025-12-24,224.93,1978.8529999999998,2.890332354,6919.0,2.3748042857142857,22.979242857142857
2025-12-25,333.723,2036.9119999999998,4.501226832,10837.0,2.5189365573770495,24.028647540983606
2025-12-26,237.60500000000002,1956.0739999999998,3.13225219,7582.0,2.30459,22.33528292682927
2025-12-27,208.116,1982.176,3.04493249,7491.0,2.326973,22.55902
2025-12-28,319.19599999999997,2027.677,4.363891845,11274.0,2.3181054285714287,22.170944285714288
2025-12-29,430.962,2024.771,5.54655537,15245.0,2.5269196341463416,24.082959756097562
2025-12-30,214.504,1974.693,2.991207818,8093.0,2.5633629629629633,24.38755925925926
2025-12-31,318.275,2024.0549999999998,4.3153598120000005,12328.0,2.479490588235294,24.579270588235293
2026-01-01,510.685,2052.0499999999997,6.31486659,16753.0,2.5365759259259257,24.929523456790125
2026-01-02,125.001,1968.081,1.91775679,5473.0,2.3618962068965517,23.364086206896552
2026-01-03,17.691,1999.8169999999998,0.315079705,839.0,2.2593050000000003,26.1811
2026-01-04,133.69,1911.4719999999998,1.7570260389999999,5034.0,2.4042596,23.291316000000002
2026-01-05,549.227,2056.158,7.09948424,19360.0,2.385355158730159,23.228323809523808
2026-01-06,484.02299999999997,2065.1079999999997,6.20508745,17374.0,2.4642904545454547,23.947734545454544
2026-01-07,189.767,1984.981,2.430672397,6789.0,2.5445153125,24.76624375
2026-01-08,311.351,1986.1779999999999,4.318173547,11606.0,2.551650114942529,24.047412643678157
2026-01-09,536.9,2052.022,6.4686441619999995,19040.0,2.5233671264367814,24.137918390804597
2026-01-10,578.448,2074.346,6.012779214,15733.0,2.6721955421686747,25.36762048192771
2026-01-11,103.633,1985.2779999999998,1.167742753,3189.0,2.4929414814814814,24.117803703703704
2026-01-12,521.213,1980.513,5.984353074,14575.0,2.5391958536585366,24.17418048780488
2026-01-13,749.947,2076.953,7.3635639,16406.0,2.5786016666666667,24.475060714285714
2026-01-14,641.164,2008.5839999999998,7.556169253,18093.0,2.5005265979381446,24.003559793814432
2026-01-15,841.743,2042.5839999999998,7.59763671,17723.0,2.5711987142857144,24.758154285714284
2026-01-16,605.087,2052.0,7.524142592,18333.0,2.445588448275862,23.795124137931033
2026-01-17,531.463,2015.568,6.474370594,15292.0,2.415651,23.884502365591395
2026-01-18,507.868,2057.812,5.414949199,12724.0,2.6457447826086957,25.134084057971016
2026-01-19,514.623,2009.772,5.953400479,14595.0,2.5515055,23.85333125
2026-01-20,905.608,2047.424,9.47776848,21995.0,2.3404188695652173,23.218055652173913
2026-01-21,342.067,2050.687,4.355127819,10406.0,2.380795172413793,23.662755172413796
2026-01-22,891.107,2024.125,7.906616809,18800.0,2.566496930693069,24.580957425742575
2026-01-23,620.124,2075.8689999999997,7.167578227,19896.0,2.5709958088235294,24.629448529411764
2026-01-24,528.557,2027.8899999999999,6.098373671,18172.0,2.5290216639344263,24.451396721311475
2026-01-25,509.764,2036.4489999999998,6.369998429,17170.0,2.454927843137255,24.421014705882353
2026-01-26,715.438,2130.883,9.20648076,22386.0,2.504249785714286,23.67546142857143
2026-01-27,716.674,1976.511,6.86903696,16404.0,2.488448076923077,24.106591025641027
2026-01-28,480.41,2013.849,5.3325355519999995,13789.0,2.548898243243243,24.052971621621623
2026-01-29,594.884,2026.002,4.08245677,9927.0,2.5010855319148937,24.292174468085104
2026-01-30,775.4590000000001,2065.412,9.194533624,22333.0,2.5256733846153847,24.133858461538463
2026-01-31,1075.836,2107.206,12.09819601,28329.0,2.4968657894736843,24.01573625730994
2026-02-01,527.936,2025.529,5.546446695,13161.0,2.497601527777778,24.103216666666665
2026-02-02,536.204,2027.663,5.79576049,14637.0,2.5673637142857144,24.49942857142857
2026-02-03,841.925,2063.699,8.00123719,19418.0,2.4322779069767444,23.589988372093025
2026-02-04,411.936,2048.2329999999997,4.59253603,11215.0,2.5446662162162164,24.494556756756754
2026-02-05,762.429,1990.8909999999998,6.3612255300000005,15335.0,2.621812191780822,24.733035616438357
2026-02-06,697.818,2121.118,7.5383467699999995,18354.0,2.491858712871287,23.972857425742575
2026-02-07,607.756,1965.374,5.862094770000001,14169.0,2.548614888888889,24.212593333333334
2026-02-08,402.273,2061.239,4.71629923,11419.0,2.6186582258064517,24.89840322580645
2026-02-09,276.688,1927.8039999999999,3.451724495,8149.0,2.4870262,24.110228000000003
2026-02-10,691.317,2038.9279999999999,6.3737563569999995,15401.0,2.54116,24.398937333333333
2026-02-11,698.788,2075.3269999999998,8.218360109,20205.0,2.539426936936937,24.72156126126126
2026-02-12,736.167,2026.239,5.75316312,14087.0,2.5786371014492753,24.82026956521739
2026-02-13,426.259,2014.952,5.219836043,12569.0,2.4845109459459462,24.318997297297297
2026-02-14,786.229,2052.371,8.081346501,19795.0,2.519170744680851,23.99479468085106
2026-02-15,439.404,2061.7999999999997,5.611380801,13537.0,2.547710238095238,25.06093095238095
2026-02-16,933.116,2058.1459999999997,11.001574806,25411.0,2.6357013888888887,24.90704513888889
2026-02-17,654.355,2028.885,6.015274624,14165.0,2.46587328125,23.9911296875
2026-02-18,719.936,2078.528,7.694952714,18230.0,2.605511046511628,25.18769069767442
2026-02-19,1104.158,2086.444,9.350730307,22482.0,2.503944909090909,24.21975
2026-02-20,476.044,2000.192,6.048860523,14135.0,2.4886975471698114,24.38344528301887
2026-02-21,466.238,2012.836,4.59026449,10682.0,2.5563868421052636,24.540680701754386
2026-02-22,523.566,2027.1599999999999,6.5228765200000005,15294.0,2.518513298969072,24.713856701030927
2026-02-23,872.951,2097.601,10.172998131,23477.0,2.525231120689655,24.94229827586207
2026-02-24,685.693,2046.636,6.52721525,15211.0,2.3524184999999997,23.34151625
2026-02-25,726.648,2084.997,7.961293574,18460.0,2.489739863013699,24.522701369863015
2026-02-26,1045.561,2057.942,9.110660736,22331.0,2.538555901639344,24.20613524590164
2026-02-27,505.936,2011.846,6.111107576,14052.0,2.5783021875,25.18455
2026-02-28,844.8,2068.8959999999997,8.057978108,19462.0,2.4558486259541987,23.940602290076335
2026-03-01,518.348,2088.892,6.10504879,14435.0,2.4662932911392406,24.578873417721518
2026-03-02,575.478,1983.8809999999999,6.525302458,16476.0,2.5361270833333336,24.91797222222222
2026-03-03,874.234,2058.835,7.960124985,19011.0,2.3961229069767445,24.11645
2026-03-04,621.4979999999999,2044.675,7.003704072,16515.0,2.553341807228916,25.381846987951807
2026-03-05,1102.779,2080.245,8.584196959,21413.0,2.4896675000000004,24.136877884615384
2026-03-06,474.933,2015.5439999999999,5.580700290999999,12945.0,2.5285662469135803,24.871197530864197
2026-03-07,506.283,2011.6129999999998,4.326867842,10513.0,2.520388571428571,24.47130142857143
2026-03-08,398.54,2037.3059999999998,4.442621039,10435.0,2.6012860606060606,25.44142727272727
2026-03-09,564.242,2014.148,6.9112746099999995,16917.0,2.606176103896104,25.42183116883117
2026-03-10,776.737,2081.679,7.205638245,17181.0,2.5451366666666666,24.578958333333333
2026-03-11,384.44,2036.556,4.91645738,11495.0,2.4861539743589747,24.308491025641025
2026-03-12,885.004,1984.4279999999999,7.27666057,16786.0,2.5495028378378377,24.318997297297297
2026-03-13,686.476,2048.732,5.99556043,14631.0,2.53736582278481,24.57389493670886
2026-03-14,269.473,1981.0649999999998,3.44094841,8160.0,2.587963461538462,25.507265384615383
2026-03-15,581.757,2098.886,6.9134604699999995,21776.0,2.5968300806451614,25.342902419354836
2026-03-16,531.537,2060.534,6.766253684,16745.0,2.5562783620689657,24.120961206896553
2026-03-17,629.296,2001.369,7.87503396,19147.0,2.5730177419354843,24.672968548387097
2026-03-18,660.398,2046.9969999999998,8.490024962,20076.0,2.555095472972973,24.358901351351353
2026-03-19,380.061,2042.8429999999998,4.82363326,11439.0,2.529481038961039,24.429897402597405
2026-03-20,382.145,2034.4779999999998,4.84609761,11308.0,2.52742323943662,24.414984507042252
2026-03-21,322.783,1993.778,4.44908376,10404.0,2.3782704545454547,23.693610606060606
2026-03-22,564.967,1982.634,5.3353928999999995,13139.0,2.4545006438356167,23.271487671232876
2026-03-23,704.237,2053.143,8.053432597,19271.0,2.642043186813187,25.317995604395605
2026-03-24,728.312,2079.897,6.827821966,16790.0,2.5128253623188406,24.243978260869564
2026-03-25,519.714,1966.607,5.476154164,13509.0,2.6180598113207547,25.337998113207547
2026-03-26,857.184,2066.458,7.0264729599999995,18836.0,2.489000487804878,23.94371707317073
2026-03-27,869.785,2098.636,10.242558439,25243.0,2.531835496183206,24.45753435114504
2026-03-28,769.418,2084.249,6.596160937,15306.0,2.5072065753424657,23.82157397260274
2026-03-29,323.705,1978.5839999999998,3.857231946,8914.0,2.465103833333333,23.569545
2026-03-30,487.049,2052.989,5.432773149,13168.0,2.6408509433962264,25.77627924528302
2026-03-31,883.9159999999999,2041.347,7.616393181,18597.0,2.5086824074074077,23.811594444444445
2026-04-01,459.572,1977.604,5.87572156,14174.0,2.5029321782178218,23.933881188118814
2026-04-02,999.776,2092.812,8.488482248,20714.0,2.3989210344827585,23.14234367816092
2026-04-03,183.832,1949.713,2.3182507,5673.0,2.484559534883721,24.180537209302322
2026-04-04,909.934,2082.73,8.62826617,20391.0,2.520795775862069,23.89355517241379
2026-04-05,803.41,2092.921,8.91902413,21556.0,2.4805358715596335,23.481174311926605
2026-04-06,743.866,2033.687,7.924306388,18849.0,2.6745208988764047,25.387073033707868
2026-04-07,814.864,2065.056,5.9615944,14705.0,2.5008253125,23.74506875
2026-04-08,657.991,2038.541,6.85224791,17188.0,2.735493125,26.299226249999997
2026-04-09,957.686,2106.681,10.903907399,24883.0,2.683803565891473,25.791986046511628
2026-04-10,579.5409999999999,1973.224,6.343768796,14996.0,2.6442556043956045,25.75928241758242
2026-04-11,800.032,2072.879,7.52870319,18090.0,2.5274898888888893,24.046356666666664
2026-04-12,315.054,1986.57,4.160447176,10033.0,2.5187904615384618,24.076307692307694
2026-04-13,390.28499999999997,2006.48,4.44624755,10950.0,2.520281363636364,24.44523484848485
2026-04-14,850.216,2057.697,7.939362476,18959.0,2.4501302040816326,23.766656122448982
2026-04-15,330.317,2013.6009999999999,4.209546099,10043.0,2.367956714285714,23.588281428571428
2026-04-16,1010.215,2072.834,7.64761897,18514.0,2.556320416666667,23.999330555555556
2026-04-17,441.746,2018.8899999999999,4.889130165,12189.0,2.5813533333333334,24.671915873015873
2026-04-18,943.574,2052.721,8.244999095,19954.0,2.4988154545454546,23.65781818181818
2026-04-19,309.154,1996.155,3.3705757,8112.0,2.4643579166666667,23.46619791666667
2026-04-20,694.239,2079.903,8.789400446,21411.0,2.3513447328244275,22.57616259541985
2026-04-21,978.886,2031.003,7.575576152,17768.0,2.387476081081081,23.17513108108108
2026-04-22,744.306,2097.477,8.50033668,20078.0,2.4135771264367816,23.726109195402298
2026-04-23,944.139,2017.5079999999998,7.527065879,17760.0,2.4506586746987953,23.3516578313253
2026-04-24,254.45,2031.848,3.11766186,7407.0,2.529280862068966,24.402643103448277
2026-04-25,956.409,2050.5389999999998,8.649790943,20808.0,2.520062254901961,24.220314705882352
2026-04-26,209.109,2030.8319999999999,2.546452427,6466.0,2.5600483333333335,24.879708333333333
2026-04-27,595.836,1982.764,7.009643637,17744.0,2.6117598780487805,24.937580487804876
2026-04-28,973.285,2113.046,8.197836936,19314.0,2.3714671830985914,23.067519718309857
2026-04-29,490.172,1983.242,5.52461552,13180.0,2.4645775000000003,24.4905
2026-04-30,1236.266,2090.887,9.92369475,24703.0,2.5865834234234235,24.57614234234234
2026-05-01,274.547,1995.2959999999998,3.1172130399999998,7519.0,2.5261769767441864,24.22631627906977
2026-05-02,1162.342,2095.912,9.21407289,22460.0,2.576305495495496,24.608063063063064
2026-05-03,280.195,2001.916,3.253932513,7867.0,2.58103,24.999991176470587
2026-05-04,502.956,1998.905,5.332922588,13111.0,2.6034257534246574,24.544276712328767
2026-05-05,1016.542,2076.053,8.048623229,19858.0,2.456487160493827,23.753266666666665
2026-05-06,655.206,2048.74,7.36482946,18158.0,2.4363058252427185,23.855196116504853
2026-05-07,1153.221,2096.811,10.35811415,25357.0,2.5255163576158943,24.080921854304634
2026-05-08,409.028,2053.649,4.960855983,11714.0,2.6021809836065577,24.69342786885246
2026-05-09,427.02,2009.788,5.506499456,13590.0,2.4704164583333337,23.855800000000002
2026-05-10,185.019,1941.317,2.75724092,6497.0,2.3519792857142856,22.975228571428573
2026-05-11,153.18800000000002,2006.462,2.383705049,5691.0,2.1564076,21.574776
2026-05-12,110.119,1945.1009999999999,1.668232071,3831.0,2.4053635294117646,23.853623529411763
2026-05-13,94.443,1954.83,1.474705883,3578.0,2.2145668,21.18106
2026-05-14,119.759,1969.437,2.078049412,5056.0,2.332186451612903,22.45361612903226
2026-05-15,30.189,1947.3029999999999,0.47777245,1126.0,2.217052222222222,20.997333333333334
2026-05-16,65.713,1963.144,1.19576393,2842.0,2.18813,21.939836363636363
2026-05-17,111.75,1962.946,1.711727741,4097.0,2.29710275862069,22.88893103448276
2026-05-18,100.27,1980.888,1.590198602,3837.0,2.3237288,23.149572
2026-05-19,70.305,1953.204,0.980908826,2382.0,2.1211417647058823,20.84295294117647
2026-05-20,86.886,1940.608,1.394747853,3256.0,2.198587857142857,21.344178571428568
2026-05-21,102.451,1971.4869999999999,1.504390005,3616.0,2.286469285714286,22.5534
2026-05-22,39.413,1993.8519999999999,0.69788652,1689.0,2.28416,22.04721111111111
2026-05-23,38.629,1909.3129999999999,0.668278312,1625.0,2.061177142857143,20.8661
2026-05-24,78.606,1973.49,1.23802579,3041.0,2.3062815,22.499985
2026-05-25,311.166,1990.2659999999998,4.126248379,9590.0,2.3473563829787234,23.395855319148936
2026-05-26,292.08299999999997,2034.341,4.114164122,9382.0,2.379852037037037,23.73140185185185
2026-05-27,64.285,1941.119,1.116792415,2757.0,2.3335322727272727,22.208263636363636
2026-05-28,239.097,2022.262,3.1764132800000002,8275.0,2.2919017142857143,22.407162857142858
2026-05-29,308.54699999999997,2003.0849999999998,4.590773407,10661.0,2.366678428571429,23.363308571428572
2026-05-30,389.153,1939.259,5.19513777,11722.0,2.4524957954545457,23.87704318181818
2026-05-31,73.886,2011.83,1.361734061,3378.0,2.234018695652174,22.132804347826088
2026-06-01,196.89,1926.0149999999999,2.916331015,6855.0,2.469915094339623,23.80031320754717
2026-06-02,35.672,1946.62,0.736679022,1745.0,2.429313,23.42518
2026-06-03,160.665,2011.9479999999999,2.438951999,5721.0,2.3742020454545454,23.523597727272726
2026-06-04,62.203,1926.512,0.99192383,2441.0,2.3502733333333334,23.280806666666667
2026-06-05,327.319,2020.381,4.310895324,10610.0,2.4199254098360656,24.119001639344262
2026-06-06,525.8100000000001,2005.206,5.058495933,12743.0,2.2715872549019607,23.34412941176471
2026-06-07,553.896,2044.278,5.341901643,12916.0,2.4154523529411764,25.714076470588235
2026-06-08,838.703,2046.7669999999998,6.873568886,14397.0,2.6319593181818184,27.174313636363635
2026-06-09,356.78,1978.962,4.330745159,10678.0,2.580643174603175,23.30331746031746
2026-06-10,164.361,2041.24,2.33277611,5659.0,2.4216903703703703,23.811611111111112
2026-06-11,163.749,1944.038,2.272620104,5278.0,2.3608276923076925,24.27316153846154
2026-06-12,84.926,1942.3039999999999,1.43278905,3445.0,2.3655595000000003,23.759825
2026-06-13,190.35999999999999,1958.923,2.934946036,6903.0,2.3358094,22.803128
2026-06-14,89.433,1986.6689999999999,1.2949007780000001,3060.0,2.2421,21.926069230769233
2026-06-15,386.12,1973.2769999999998,4.87935199,10514.0,2.509167735849057,25.323128301886793
2026-06-16,273.407,1993.9189999999999,3.816312159,10753.0,2.3125387341772154,22.69508607594937
2026-06-17,250.273,1967.07,3.326731807,8942.0,2.394067317073171,23.401178048780487
2026-06-18,254.373,2012.608,3.505321794,10077.0,2.403537611940299,23.193076119402985
2026-06-19,379.707,2039.2939999999999,4.799550487,14632.0,2.2507604494382023,22.52496853932584
2026-06-20,368.129,2017.8319999999999,4.8984180340000005,15038.0,2.4045889473684214,23.369232631578946
2026-06-21,701.1,2006.696,8.898315119,26772.0,2.3075208445945945,22.677671756756755
2026-06-22,370.344,2046.264,5.177573541,14684.0,2.371874301075269,23.194460215053763
2026-06-23,260.047,1969.944,3.5064099349999998,9778.0,2.381389661016949,23.248333898305084
2026-06-24,338.901,2055.065,4.601789697,14394.0,2.4077826250000003,23.09546375
2026-06-25,468.777,1985.6589999999999,5.719189636,18355.0,2.2432193258426967,23.206208988764047
2026-06-26,369.858,2039.337,4.082289307,10520.0,2.2755349019607847,21.923701960784314
2026-06-27,355.312,1943.634,4.895898404,14018.0,2.457876923076923,23.500895384615383
2026-06-28,243.015,2029.273,3.466649342,10541.0,2.386331607142857,23.55875892857143
2026-06-29,358.79,1960.899,4.692752439,13044.0,2.4746099999999998,23.741542857142857
2026-06-30,360.687,2067.97,4.97695912,13437.0,2.583358783783784,24.723343243243242
2026-07-01,324.70799999999997,1997.356,4.176524731,12429.0,2.46237765625,24.0895515625
2026-07-02,257.815,1930.4279999999999,3.52773438,9706.0,2.4824546341463414,23.794870731707316
2026-07-03,331.702,1993.846,4.296990273,12988.0,2.41833796875,23.5727984375
2026-07-04,257.818,2045.261,3.770081,9877.0,2.3357345,22.775564999999997
2026-07-05,221.214,1956.7849999999999,2.992462833,10251.0,2.3597791525423726,22.914698305084748
2026-07-06,290.058,2011.475,3.83273811,11423.0,2.3331675471698112,24.24600943396226
2026-07-07,308.692,1987.173,3.978414119,10664.0,2.3387395918367346,22.27218367346939
2026-07-08,351.774,2037.2869999999998,4.45700993,12767.0,2.4123128,23.023591999999997
2026-07-09,270.5,1942.105,3.364747208,9988.0,2.3227535272727273,24.45237636363636
2026-07-10,282.871,2019.647,3.796349253,10741.0,2.3554943333333336,23.877931666666665
2026-07-11,572.861,1952.5339999999999,6.347419643,15002.0,2.4260590909090913,23.305016883116885
2026-07-12,175.018,2011.542,2.281984962,6354.0,2.5827545945945944,25.37773243243243
2026-07-13,714.299,2067.522,9.122494051,24812.0,2.6219354128440364,25.724194495412842
2026-07-14,236.068,1978.0149999999999,3.20349552,8990.0,2.520424423076923,24.26559423076923
2026-07-15,131.818,1938.549,1.911432687,4582.0,2.3180259375,22.674684375
2026-07-16,242.034,2034.521,3.364376152,9068.0,2.375455,23.061751923076923
2026-07-17,253.361,1936.124,3.409953185,9468.0,2.3361745454545453,22.655665454545453
2026-07-18,203.906,2034.647,2.852330378,8544.0,2.2740692,22.385796
2026-07-19,135.626,1953.125,2.05454239,7166.0,2.417972093023256,23.2558
2026-07-20,278.23199999999997,1935.5079999999998,2.800892353,7912.0,2.3328757777777778,22.54590222222222
2026-07-21,70.14,1957.386,0.966620731,3188.0,2.3511378947368424,23.249036842105262
2026-07-22,176.905,1985.801,2.363682843,6210.0,2.175687380952381,21.034840476190475
2026-07-23,83.769,1968.4299999999998,1.32203294,3185.0,2.2443933333333335,21.653513333333333
2026-07-24,45.598,1962.6979999999999,0.95479236,2223.0,2.3599683333333332,22.63778333333333
2026-07-25,83.224,1933.298,1.3280132390000001,3094.0,2.1687105000000004,21.850365
2026-07-26,99.096,2025.78,1.38425288,3274.0,2.2487794117647057,22.556717647058825
2026-07-27,223.753,1943.322,3.058990777,8601.0,2.2747932692307695,22.206207692307693
2026-07-28,266.58,1994.43,3.498123902,10282.0,2.400804418604651,23.521313953488374
2026-07-29,157.57399999999998,1976.644,2.35948593,6165.0,2.291138461538462,21.956365384615385
2026-07-30,49.627,1991.0919999999999,0.904231767,2102.0,2.272726,22.40155
2026-07-31,343.727,1939.414,4.26482153,10958.0,2.3021489830508477,22.50097966101695
2026-08-01,269.553,1975.6879999999999,3.538322009,10331.0,2.2485207142857147,22.117514285714286
2026-08-02,77.757,1948.031,1.339777333,4061.0,2.3497154166666667,23.080683333333337
2026-08-03,40.61,2023.714,0.735892752,1662.0,2.261542,22.244059999999998
2026-08-04,163.513,1939.176,2.52384686,6252.0,2.4382607017543863,23.518429824561405
2026-08-05,171.93200000000002,1976.0169999999998,2.34302943,6213.0,2.3826980645161293,22.834625806451612
2026-08-06,128.53,1969.4869999999999,1.829220509,4379.0,2.4077563636363637,23.944145454545456
2026-08-07,114.783,1969.405,1.808245745,4211.0,2.4910528000000003,24.078732
2026-08-08,213.18,1990.0249999999999,2.902163744,7663.0,2.4225198148148146,23.505366666666667
2026-08-09,30.078,1958.389,0.600624391,1430.0,1.89021,20.078699999999998
2026-08-10,40.208999999999996,1907.859,0.6864598,1573.0,2.3062810000000002,22.99211
2026-08-11,386.195,1986.1129999999998,4.956815083,13740.0,2.433958717948718,23.783541025641025
2026-08-12,119.235,1985.8039999999999,1.53533658,4749.0,2.367544193548387,22.88541935483871
2026-08-13,208.88899999999998,1958.1309999999999,2.821829647,8221.0,2.76213,26.805895652173916
2026-08-14,32.799,2034.369,0.5945506230000001,1978.0,2.091535,20.8661
2026-08-15,52.233000000000004,1935.646,0.887416644,3023.0,2.10411875,20.27555625
2026-08-16,33.972,1954.7189999999998,0.519859252,1243.0,2.266761666666667,22.900233333333333
2026-08-17,52.907,1975.091,1.040884339,2513.0,2.2833961538461542,22.955753846153847
2026-08-18,34.71,1892.761,0.65290229,1582.0,2.43826,24.015725
2026-08-19,28.688,1944.9799999999998,0.566286532,1293.0,2.5245428571428574,24.803157142857142
2026-08-20,47.134,1980.233,0.789564454,1936.0,2.2093042352941175,21.560871764705883
2026-08-21,140.792,1996.369,2.270404004,5372.0,2.434884150943396,23.31746603773585
2026-08-22,384.391,1970.801,5.169159602,12658.0,2.526246888888889,24.09447111111111
2026-08-23,490.194,2091.514,6.166996598,16812.0,2.3546698947368423,23.141298947368423
2026-08-24,567.174,2064.942,6.88841315,17164.0,2.1897371000000003,22.444858
2026-08-25,562.817,1956.5849999999998,6.549993769,15484.0,2.8591775,27.034141666666663
2026-08-26,530.96,2050.5409999999997,6.813979728,16702.0,2.6433128125,25.688989583333335
2026-08-27,506.91700000000003,2035.864,6.213509475,14797.0,2.5849040170940167,24.941111965811963
2026-08-28,436.043,2068.462,5.832355195,14606.0,2.484449074074074,24.475060185185185
2026-08-29,917.545,2023.288,7.720270056,19336.0,2.433481282051282,23.56146581196581
2026-08-30,156.976,1956.829,2.00471754,5132.0,2.4665946666666665,23.832013333333332
2026-08-31,451.552,2034.4109999999998,5.85644105,14970.0,2.505707424242424,24.1469696969697
2026-09-01,366.863,2008.474,5.15976228,12545.0,2.4975773033707864,24.148443820224717
2026-09-02,194.782,1982.339,2.849244585,6931.0,2.4737427586206895,24.436606896551726
2026-09-03,1082.101,2079.922,8.9502959,21857.0,2.4071378985507246,23.958674637681156
2026-09-04,328.781,2003.176,4.017077678,9518.0,2.5479773015873017,24.84688888888889
2026-09-05,520.868,2022.2379999999998,6.37588919,15846.0,2.4515921212121214,23.69759393939394
2026-09-06,401.70799999999997,2007.9589999999998,4.6359828499999995,10778.0,2.522145625,24.187977083333333
2026-09-07,226.707,2016.3619999999999,3.255425247,8114.0,2.4285102564102563,23.601841025641026
2026-09-08,232.596,1966.1129999999998,3.1462350199999998,7935.0,2.289705384615385,22.339966666666665
2026-09-09,185.212,2003.057,2.53911574,6057.0,2.2357275675675674,22.15361891891892
2026-09-10,120.806,1325.877,1.392115616,3378.0,2.447209,24.80314
